Tarih,KFE_Turkiye_duzey,Yeni_Konut_FE_duzey,Eski_Konut_FE_duzey,Kira_Endeksi_duzey,KFE_Turkiye_aylik,Yeni_Konut_FE_aylik,Eski_Konut_FE_aylik,Kira_Endeksi_aylik,KFE_Turkiye_yillik,Yeni_Konut_FE_yillik,Eski_Konut_FE_yillik,Kira_Endeksi_yillik,Birim_Fiyat_TLm2,Birim_Kira_TLm2,Satis_Toplam,Satis_Ipotekli,Satis_IlkEl,Satis_IkinciEl,YEARWEEK,Konut_Kredi_Faiz,Ruhsat_Apt_Yapi,Ruhsat_Apt_Yuzolcum,Ruhsat_Apt_Daire,Ruhsat_Ev_Yapi,Ruhsat_Ev_Yuzolcum,Ruhsat_Ev_Daire,Insaat_Maliyet_Yillik_Degisim,Insaat_Uretim_Yillik_Degisim,Insaat_Uretim_Aylik_Degisim,Insaat_Guven_Endeks,Insaat_Maliyet_Aylik_Degisim,Ruhsat_Konut_Yapi,Ruhsat_Konut_Yuzolcum,Ruhsat_Konut_Daire,Ipotekli_Oran,IlkEl_Oran,Amortisman_Ay
2013-01-01,5.96,5.73,6.14,,1.18845501,0.88028169,1.65562914,,10.37037037,10.40462428,10.83032491,,1356.4,,,,,,,,4876.0,6332578.8,43072.0,1467.0,289810.7,1467.0,,,,,,6343.0,6622389.5,44539.0,,,
2013-01-04,,,,,,,,,,,,,,,,,,,,9.9,,,,,,,,,,,,0.0,0.0,0.0,,,
2013-01-11,,,,,,,,,,,,,,,,,,,,9.78,,,,,,,,,,,,0.0,0.0,0.0,,,
2013-01-18,,,,,,,,,,,,,,,,,,,,9.76,,,,,,,,,,,,0.0,0.0,0.0,,,
2013-01-25,,,,,,,,,,,,,,,,,,,,9.66,,,,,,,,,,,,0.0,0.0,0.0,,,
2013-02-01,6.02,5.82,6.19,,1.00671141,1.57068063,0.81433225,,10.4587156,11.49425287,10.33868093,,,,,,,,,9.54,4862.0,6956228.7,49115.0,1489.0,299758.0,1489.0,,,,,,6351.0,7255986.7,50604.0,,,
2013-02-08,,,,,,,,,,,,,,,,,,,,9.6,,,,,,,,,,,,0.0,0.0,0.0,,,
2013-02-15,,,,,,,,,,,,,,,,,,,,9.61,,,,,,,,,,,,0.0,0.0,0.0,,,
2013-02-22,,,,,,,,,,,,,,,,,,,,9.56,,,,,,,,,,,,0.0,0.0,0.0,,,
2013-03-01,6.12,5.91,6.3,,1.66112957,1.54639175,1.77705977,,11.67883212,12.35741445,11.70212766,,,,,,,,,9.46,6062.0,9828460.5,65497.0,1862.0,369493.3,1862.0,,,,,,7924.0,10197953.8,67359.0,,,
2013-03-08,,,,,,,,,,,,,,,,,,,,9.41,,,,,,,,,,,,0.0,0.0,0.0,,,
2013-03-15,,,,,,,,,,,,,,,,,,,,9.3,,,,,,,,,,,,0.0,0.0,0.0,,,
2013-03-22,,,,,,,,,,,,,,,,,,,,9.29,,,,,,,,,,,,0.0,0.0,0.0,,,
2013-03-29,,,,,,,,,,,,,,,,,,,,9.07,,,,,,,,,,,,0.0,0.0,0.0,,,
2013-04-01,6.15,5.91,6.33,,0.49019608,0.0,0.47619048,,10.81081081,11.72022684,10.66433566,,1411.3,,,,,,,,7350.0,10589966.1,72366.0,2016.0,367024.0,2016.0,,,,,,9366.0,10956990.1,74382.0,,,
2013-04-05,,,,,,,,,,,,,,,,,,,,9.09,,,,,,,,,,,,0.0,0.0,0.0,,,
2013-04-12,,,,,,,,,,,,,,,,,,,,9.09,,,,,,,,,,,,0.0,0.0,0.0,,,
2013-04-19,,,,,,,,,,,,,,,,,,,,9.06,,,,,,,,,,,,0.0,0.0,0.0,,,
2013-04-26,,,,,,,,,,,,,,,,,,,,8.99,,,,,,,,,,,,0.0,0.0,0.0,,,
2013-05-01,6.25,5.98,6.44,,1.62601626,1.18443316,1.73775671,,11.01243339,10.53604436,10.84337349,,,,,,,,,,8682.0,14189087.5,92397.0,2330.0,457550.3,2330.0,,,,,,11012.0,14646637.8,94727.0,,,
2013-05-03,,,,,,,,,,,,,,,,,,,,9.03,,,,,,,,,,,,0.0,0.0,0.0,,,
2013-05-10,,,,,,,,,,,,,,,,,,,,8.99,,,,,,,,,,,,0.0,0.0,0.0,,,
2013-05-17,,,,,,,,,,,,,,,,,,,,8.79,,,,,,,,,,,,0.0,0.0,0.0,,,
2013-05-24,,,,,,,,,,,,,,,,,,,,8.54,,,,,,,,,,,,0.0,0.0,0.0,,,
2013-05-31,,,,,,,,,,,,,,,,,,,,8.48,,,,,,,,,,,,0.0,0.0,0.0,,,
2013-06-01,6.32,6.09,6.49,,1.12,1.83946488,0.77639752,,11.4638448,11.94852941,10.94017094,,,,,,,,,,6919.0,11706278.5,74812.0,1850.0,322334.0,1850.0,,,,,,8769.0,12028612.5,76662.0,,,
2013-06-07,,,,,,,,,,,,,,,,,,,,8.31,,,,,,,,,,,,0.0,0.0,0.0,,,
2013-06-14,,,,,,,,,,,,,,,,,,,,8.29,,,,,,,,,,,,0.0,0.0,0.0,,,
2013-06-21,,,,,,,,,,,,,,,,,,,,8.29,,,,,,,,,,,,0.0,0.0,0.0,,,
2013-06-28,,,,,,,,,,,,,,,,,,,,8.3,,,,,,,,,,,,0.0,0.0,0.0,,,
2013-07-01,6.39,6.19,6.57,,1.10759494,1.64203612,1.23266564,,11.51832461,12.34119782,11.54499151,,1464.6,,,,,,,,7026.0,10868407.3,71939.0,2126.0,389533.0,2126.0,,,,,,9152.0,11257940.3,74065.0,,,
2013-07-05,,,,,,,,,,,,,,,,,,,,8.49,,,,,,,,,,,,0.0,0.0,0.0,,,
2013-07-12,,,,,,,,,,,,,,,,,,,,8.78,,,,,,,,,,,,0.0,0.0,0.0,,,
2013-07-19,,,,,,,,,,,,,,,,,,,,9.04,,,,,,,,,,,,0.0,0.0,0.0,,,
2013-07-26,,,,,,,,,,,,,,,,,,,,9.31,,,,,,,,,,,,0.0,0.0,0.0,,,
2013-08-01,6.43,6.22,6.6,,0.62597809,0.48465267,0.456621,,11.43847487,12.07207207,11.29848229,,,,,,,,,,5373.0,9153164.7,57049.0,1365.0,271220.9,1365.0,,,,,,6738.0,9424385.6,58414.0,,,
2013-08-02,,,,,,,,,,,,,,,,,,,,9.51,,,,,,,,,,,,0.0,0.0,0.0,,,
2013-08-09,,,,,,,,,,,,,,,,,,,,9.66,,,,,,,,,,,,0.0,0.0,0.0,,,
2013-08-16,,,,,,,,,,,,,,,,,,,,9.77,,,,,,,,,,,,0.0,0.0,0.0,,,
2013-08-23,,,,,,,,,,,,,,,,,,,,9.92,,,,,,,,,,,,0.0,0.0,0.0,,,
2013-08-30,,,,,,,,,,,,,,,,,,,,10.03,,,,,,,,,,,,0.0,0.0,0.0,,,
2013-09-01,6.44,6.23,6.6,,0.155521,0.1607717,0.0,,11.03448276,11.4490161,11.29848229,,,,,,,,,,6537.0,10440472.6,65157.0,2407.0,400528.2,2407.0,,,,,,8944.0,10841000.799999999,67564.0,,,
2013-09-06,,,,,,,,,,,,,,,,,,,,10.43,,,,,,,,,,,,0.0,0.0,0.0,,,
2013-09-13,,,,,,,,,,,,,,,,,,,,10.7,,,,,,,,,,,,0.0,0.0,0.0,,,
2013-09-20,,,,,,,,,,,,,,,,,,,,10.91,,,,,,,,,,,,0.0,0.0,0.0,,,
2013-09-27,,,,,,,,,,,,,,,,,,,,10.89,,,,,,,,,,,,0.0,0.0,0.0,,,
2013-10-01,6.52,6.29,6.69,,1.24223602,0.96308186,1.36363636,,12.4137931,12.72401434,13.00675676,,1526.5,,,,,,,,5332.0,8836296.1,54892.0,1838.0,346230.9,1838.0,,,,,,7170.0,9182527.0,56730.0,,,
2013-10-04,,,,,,,,,,,,,,,,,,,,11.0,,,,,,,,,,,,0.0,0.0,0.0,,,
2013-10-11,,,,,,,,,,,,,,,,,,,,10.95,,,,,,,,,,,,0.0,0.0,0.0,,,
2013-10-18,,,,,,,,,,,,,,,,,,,,10.85,,,,,,,,,,,,0.0,0.0,0.0,,,
2013-10-25,,,,,,,,,,,,,,,,,,,,10.9,,,,,,,,,,,,0.0,0.0,0.0,,,
2013-11-01,6.53,6.28,6.7,,0.15337423,-0.15898251,0.14947683,,12.00686106,11.74377224,11.85308848,,,,,,,,,10.83,6977.0,10912127.9,68556.0,2803.0,519977.7,2803.0,,,,,,9780.0,11432105.6,71359.0,,,
2013-11-08,,,,,,,,,,,,,,,,,,,,10.67,,,,,,,,,,,,0.0,0.0,0.0,,,
2013-11-15,,,,,,,,,,,,,,,,,,,,10.58,,,,,,,,,,,,0.0,0.0,0.0,,,
2013-11-22,,,,,,,,,,,,,,,,,,,,10.53,,,,,,,,,,,,0.0,0.0,0.0,,,
2013-11-29,,,,,,,,,,,,,,,,,,,,10.51,,,,,,,,,,,,0.0,0.0,0.0,,,
2013-12-01,6.64,6.34,6.81,,1.68453292,0.95541401,1.64179104,,12.73344652,11.61971831,12.74834437,,,,,,,,,,9324.0,15669635.6,99058.0,2964.0,601060.9,2964.0,,,,,,12288.0,16270696.5,102022.0,,,
2013-12-06,,,,,,,,,,,,,,,,,,,,10.56,,,,,,,,,,,,0.0,0.0,0.0,,,
2013-12-13,,,,,,,,,,,,,,,,,,,,10.58,,,,,,,,,,,,0.0,0.0,0.0,,,
2013-12-20,,,,,,,,,,,,,,,,,,,,10.56,,,,,,,,,,,,0.0,0.0,0.0,,,
2013-12-27,,,,,,,,,,,,,,,,,,,,10.73,,,,,,,,,,,,0.0,0.0,0.0,,,
2014-01-01,6.67,6.29,6.88,,0.45180723,-0.78864353,1.02790015,,11.91275168,9.77312391,12.05211726,,1570.2,,,,,,,,6801.0,10121947.5,66866.0,2118.0,406310.7,2118.0,,,,,,8919.0,10528258.2,68984.0,,,
2014-01-03,,,,,,,,,,,,,,,,,,,,10.69,,,,,,,,,,,,0.0,0.0,0.0,,,
2014-01-10,,,,,,,,,,,,,,,,,,,,11.28,,,,,,,,,,,,0.0,0.0,0.0,,,
2014-01-17,,,,,,,,,,,,,,,,,,,,11.37,,,,,,,,,,,,0.0,0.0,0.0,,,
2014-01-24,,,,,,,,,,,,,,,,,,,,11.47,,,,,,,,,,,,0.0,0.0,0.0,,,
2014-01-31,,,,,,,,,,,,,,,,,,,,11.69,,,,,,,,,,,,0.0,0.0,0.0,,,
2014-02-01,6.73,6.43,6.87,,0.89955022,2.22575517,-0.14534884,,11.79401993,10.48109966,10.98546042,,,,,,,,,,7095.0,11146320.4,71812.0,2378.0,457032.1,2378.0,,,,,,9473.0,11603352.5,74190.0,,,
2014-02-07,,,,,,,,,,,,,,,,,,,,12.53,,,,,,,,,,,,0.0,0.0,0.0,,,
2014-02-14,,,,,,,,,,,,,,,,,,,,13.12,,,,,,,,,,,,0.0,0.0,0.0,,,
2014-02-21,,,,,,,,,,,,,,,,,,,,13.12,,,,,,,,,,,,0.0,0.0,0.0,,,
2014-02-28,,,,,,,,,,,,,,,,,,,,13.35,,,,,,,,,,,,0.0,0.0,0.0,,,
2014-03-01,6.84,6.48,7.0,,1.63447251,0.77760498,1.8922853,,11.76470588,9.64467005,11.11111111,,,,,,,,,,13493.0,24434592.7,149055.0,5806.0,1176721.1,5806.0,,,,,,19299.0,25611313.8,154861.0,,,
2014-03-07,,,,,,,,,,,,,,,,,,,,13.4,,,,,,,,,,,,0.0,0.0,0.0,,,
2014-03-14,,,,,,,,,,,,,,,,,,,,13.5,,,,,,,,,,,,0.0,0.0,0.0,,,
2014-03-21,,,,,,,,,,,,,,,,,,,,13.49,,,,,,,,,,,,0.0,0.0,0.0,,,
2014-03-28,,,,,,,,,,,,,,,,,,,,13.63,,,,,,,,,,,,0.0,0.0,0.0,,,
2014-04-01,6.88,6.49,7.09,,0.58479532,0.15432099,1.28571429,,11.8699187,9.81387479,12.00631912,,1636.7,,,,,,,,6782.0,11270018.5,71416.0,1782.0,371658.7,1782.0,,,,,,8564.0,11641677.2,73198.0,,,
2014-04-04,,,,,,,,,,,,,,,,,,,,13.65,,,,,,,,,,,,0.0,0.0,0.0,,,
2014-04-11,,,,,,,,,,,,,,,,,,,,13.61,,,,,,,,,,,,0.0,0.0,0.0,,,
2014-04-18,,,,,,,,,,,,,,,,,,,,13.48,,,,,,,,,,,,0.0,0.0,0.0,,,
2014-04-25,,,,,,,,,,,,,,,,,,,,13.34,,,,,,,,,,,,0.0,0.0,0.0,,,
2014-05-01,6.99,6.64,7.2,,1.59883721,2.31124807,1.55148096,,11.84,11.0367893,11.80124224,,,,,,,,,,9939.0,20937335.5,125854.0,1927.0,419033.9,1927.0,,,,,,11866.0,21356369.4,127781.0,,,
2014-05-02,,,,,,,,,,,,,,,,,,,,13.21,,,,,,,,,,,,0.0,0.0,0.0,,,
2014-05-09,,,,,,,,,,,,,,,,,,,,13.0,,,,,,,,,,,,0.0,0.0,0.0,,,
2014-05-16,,,,,,,,,,,,,,,,,,,,12.98,,,,,,,,,,,,0.0,0.0,0.0,,,
2014-05-23,,,,,,,,,,,,,,,,,,,,12.84,,,,,,,,,,,,0.0,0.0,0.0,,,
2014-05-30,,,,,,,,,,,,,,,,,,,,12.69,,,,,,,,,,,,0.0,0.0,0.0,,,
2014-06-01,7.06,6.66,7.27,,1.00143062,0.30120482,0.97222222,,11.70886076,9.35960591,12.01848998,,,,,,,,,,7756.0,13120753.4,84891.0,1866.0,390843.5,1866.0,,,,,,9622.0,13511596.9,86757.0,,,
2014-06-06,,,,,,,,,,,,,,,,,,,,12.54,,,,,,,,,,,,0.0,0.0,0.0,,,
2014-06-13,,,,,,,,,,,,,,,,,,,,12.34,,,,,,,,,,,,0.0,0.0,0.0,,,
2014-06-20,,,,,,,,,,,,,,,,,,,,12.25,,,,,,,,,,,,0.0,0.0,0.0,,,
2014-06-27,,,,,,,,,,,,,,,,,,,,12.02,,,,,,,,,,,,0.0,0.0,0.0,,,
2014-07-01,7.16,6.76,7.39,,1.41643059,1.5015015,1.65061898,,12.05007825,9.20840065,12.48097412,,1741.9,,,,,,,,6149.0,9482434.0,62535.0,1565.0,313461.8,1565.0,,,,,,7714.0,9795895.8,64100.0,,,
2014-07-04,,,,,,,,,,,,,,,,,,,,11.75,,,,,,,,,,,,0.0,0.0,0.0,,,
2014-07-11,,,,,,,,,,,,,,,,,,,,11.53,,,,,,,,,,,,0.0,0.0,0.0,,,
2014-07-18,,,,,,,,,,,,,,,,,,,,11.32,,,,,,,,,,,,0.0,0.0,0.0,,,
2014-07-25,,,,,,,,,,,,,,,,,,,,11.24,,,,,,,,,,,,0.0,0.0,0.0,,,
2014-08-01,7.23,6.84,7.42,,0.97765363,1.18343195,0.40595399,,12.44167963,9.96784566,12.42424242,,,,,,,,,11.09,7434.0,12948039.4,84124.0,1668.0,354420.9,1668.0,,,,,,9102.0,13302460.3,85792.0,,,
2014-08-08,,,,,,,,,,,,,,,,,,,,11.1,,,,,,,,,,,,0.0,0.0,0.0,,,
2014-08-15,,,,,,,,,,,,,,,,,,,,11.06,,,,,,,,,,,,0.0,0.0,0.0,,,
2014-08-22,,,,,,,,,,,,,,,,,,,,11.01,,,,,,,,,,,,0.0,0.0,0.0,,,
2014-08-29,,,,,,,,,,,,,,,,,,,,11.03,,,,,,,,,,,,0.0,0.0,0.0,,,
2014-09-01,7.33,6.92,7.52,,1.38312586,1.16959064,1.34770889,,13.81987578,11.07544141,13.93939394,,,,,,,,,,7842.0,14067279.1,87146.0,1940.0,388222.3,1940.0,,,,,,9782.0,14455501.4,89086.0,,,
2014-09-05,,,,,,,,,,,,,,,,,,,,11.02,,,,,,,,,,,,0.0,0.0,0.0,,,
2014-09-12,,,,,,,,,,,,,,,,,,,,10.94,,,,,,,,,,,,0.0,0.0,0.0,,,
2014-09-19,,,,,,,,,,,,,,,,,,,,10.9,,,,,,,,,,,,0.0,0.0,0.0,,,
2014-09-26,,,,,,,,,,,,,,,,,,,,10.77,,,,,,,,,,,,0.0,0.0,0.0,,,
2014-10-01,7.37,6.98,7.57,,0.54570259,0.86705202,0.66489362,,13.03680982,10.96979332,13.15396114,,1815.9,,,,,,,,4867.0,7188701.0,46420.0,1337.0,296211.7,1337.0,,,,,,6204.0,7484912.7,47757.0,,,
2014-10-03,,,,,,,,,,,,,,,,,,,,10.72,,,,,,,,,,,,0.0,0.0,0.0,,,
2014-10-10,,,,,,,,,,,,,,,,,,,,10.77,,,,,,,,,,,,0.0,0.0,0.0,,,
2014-10-17,,,,,,,,,,,,,,,,,,,,10.81,,,,,,,,,,,,0.0,0.0,0.0,,,
2014-10-24,,,,,,,,,,,,,,,,,,,,10.69,,,,,,,,,,,,0.0,0.0,0.0,,,
2014-10-31,,,,,,,,,,,,,,,,,,,,10.77,,,,,,,,,,,,0.0,0.0,0.0,,,
2014-11-01,7.44,7.04,7.65,,0.94979647,0.85959885,1.05680317,,13.93568147,12.10191083,14.17910448,,,,,,,,,,6229.0,9815801.1,62505.0,1837.0,362208.6,1837.0,,,,,,8066.0,10178009.7,64342.0,,,
2014-11-07,,,,,,,,,,,,,,,,,,,,10.94,,,,,,,,,,,,0.0,0.0,0.0,,,
2014-11-14,,,,,,,,,,,,,,,,,,,,10.9,,,,,,,,,,,,0.0,0.0,0.0,,,
2014-11-21,,,,,,,,,,,,,,,,,,,,10.73,,,,,,,,,,,,0.0,0.0,0.0,,,
2014-11-28,,,,,,,,,,,,,,,,,,,,11.08,,,,,,,,,,,,0.0,0.0,0.0,,,
2014-12-01,7.53,7.1,7.76,,1.20967742,0.85227273,1.4379085,,13.40361446,11.9873817,13.95007342,,,,,,,,,,8495.0,14320597.4,91305.0,2235.0,489270.9,2235.0,,,,,,10730.0,14809868.3,93540.0,,,
2014-12-05,,,,,,,,,,,,,,,,,,,,11.07,,,,,,,,,,,,0.0,0.0,0.0,,,
2014-12-12,,,,,,,,,,,,,,,,,,,,10.99,,,,,,,,,,,,0.0,0.0,0.0,,,
2014-12-19,,,,,,,,,,,,,,,,,,,,10.96,,,,,,,,,,,,0.0,0.0,0.0,,,
2014-12-26,,,,,,,,,,,,,,,,,,,,11.03,,,,,,,,,,,,0.0,0.0,0.0,,,
2015-01-01,7.65,7.19,7.86,,1.5936255,1.26760563,1.28865979,,14.69265367,14.30842607,14.24418605,,1924.0,,,,,,,,4975.0,7422195.9,49996.0,1842.0,380368.0,1842.0,,,,,,6817.0,7802563.9,51838.0,,,
2015-01-02,,,,,,,,,,,,,,,,,,,,10.97,,,,,,,,,,,,0.0,0.0,0.0,,,
2015-01-09,,,,,,,,,,,,,,,,,,,,11.08,,,,,,,,,,,,0.0,0.0,0.0,,,
2015-01-16,,,,,,,,,,,,,,,,,,,,11.05,,,,,,,,,,,,0.0,0.0,0.0,,,
2015-01-23,,,,,,,,,,,,,,,,,,,,11.02,,,,,,,,,,,,0.0,0.0,0.0,,,
2015-01-30,,,,,,,,,,,,,,,,,,,,10.91,,,,,,,,,,,,0.0,0.0,0.0,,,
2015-02-01,7.78,7.31,7.98,,1.69934641,1.6689847,1.52671756,,15.60178306,13.68584759,16.15720524,,,,,,,,,,5277.0,8517290.8,56100.0,1354.0,318865.6,1354.0,,,,,,6631.0,8836156.4,57454.0,,,
2015-02-06,,,,,,,,,,,,,,,,,,,,10.85,,,,,,,,,,,,0.0,0.0,0.0,,,
2015-02-13,,,,,,,,,,,,,,,,,,,,10.8,,,,,,,,,,,,0.0,0.0,0.0,,,
2015-02-20,,,,,,,,,,,,,,,,,,,,10.79,,,,,,,,,,,,0.0,0.0,0.0,,,
2015-02-27,,,,,,,,,,,,,,,,,,,,10.75,,,,,,,,,,,,0.0,0.0,0.0,,,
2015-03-01,7.91,7.41,8.11,,1.67095116,1.36798906,1.62907268,,15.64327485,14.35185185,15.85714286,,,,,,,,,,6818.0,12143988.4,76659.0,1861.0,414318.4,1861.0,,,,,,8679.0,12558306.8,78520.0,,,
2015-03-06,,,,,,,,,,,,,,,,,,,,10.76,,,,,,,,,,,,0.0,0.0,0.0,,,
2015-03-13,,,,,,,,,,,,,,,,,,,,10.75,,,,,,,,,,,,0.0,0.0,0.0,,,
2015-03-20,,,,,,,,,,,,,,,,,,,,10.81,,,,,,,,,,,,0.0,0.0,0.0,,,
2015-03-27,,,,,,,,,,,,,,,,,,,,10.95,,,,,,,,,,,,0.0,0.0,0.0,,,
2015-04-01,8.02,7.51,8.26,,1.39064475,1.34952767,1.84956843,,16.56976744,15.7164869,16.50211566,,2030.3,,,,,,,,7358.0,11792807.9,76511.0,2046.0,431163.4,2046.0,,,,,,9404.0,12223971.3,78557.0,,,
2015-04-03,,,,,,,,,,,,,,,,,,,,10.96,,,,,,,,,,,,0.0,0.0,0.0,,,
2015-04-10,,,,,,,,,,,,,,,,,,,,10.96,,,,,,,,,,,,0.0,0.0,0.0,,,
2015-04-17,,,,,,,,,,,,,,,,,,,,10.96,,,,,,,,,,,,0.0,0.0,0.0,,,
2015-04-24,,,,,,,,,,,,,,,,,,,,10.98,,,,,,,,,,,,0.0,0.0,0.0,,,
2015-05-01,8.12,7.56,8.37,,1.24688279,0.66577896,1.33171913,,16.16595136,13.85542169,16.25,,,,,,,,,11.18,7529.0,12275569.8,79391.0,2165.0,458073.6,2165.0,,,,,,9694.0,12733643.4,81556.0,,,
2015-05-08,,,,,,,,,,,,,,,,,,,,11.46,,,,,,,,,,,,0.0,0.0,0.0,,,
2015-05-15,,,,,,,,,,,,,,,,,,,,11.58,,,,,,,,,,,,0.0,0.0,0.0,,,
2015-05-22,,,,,,,,,,,,,,,,,,,,11.63,,,,,,,,,,,,0.0,0.0,0.0,,,
2015-05-29,,,,,,,,,,,,,,,,,,,,11.6,,,,,,,,,,,,0.0,0.0,0.0,,,
2015-06-01,8.26,7.68,8.52,,1.72413793,1.58730159,1.7921147,,16.99716714,15.31531532,17.19394773,,,,,,,,,,8203.0,13701642.2,85917.0,2353.0,500472.9,2353.0,,,,,,10556.0,14202115.1,88270.0,,,
2015-06-05,,,,,,,,,,,,,,,,,,,,11.63,,,,,,,,,,,,0.0,0.0,0.0,,,
2015-06-12,,,,,,,,,,,,,,,,,,,,11.71,,,,,,,,,,,,0.0,0.0,0.0,,,
2015-06-19,,,,,,,,,,,,,,,,,,,,11.98,,,,,,,,,,,,0.0,0.0,0.0,,,
2015-06-26,,,,,,,,,,,,,,,,,,,,12.14,,,,,,,,,,,,0.0,0.0,0.0,,,
2015-07-01,8.31,7.83,8.57,,0.60532688,1.953125,0.58685446,,16.06145251,15.82840237,15.96752368,,2105.1,,,,,,,,7068.0,10936956.2,70066.0,1882.0,394724.9,1882.0,,,,,,8950.0,11331681.1,71948.0,,,
2015-07-03,,,,,,,,,,,,,,,,,,,,12.18,,,,,,,,,,,,0.0,0.0,0.0,,,
2015-07-10,,,,,,,,,,,,,,,,,,,,12.27,,,,,,,,,,,,0.0,0.0,0.0,,,
2015-07-17,,,,,,,,,,,,,,,,,,,,12.29,,,,,,,,,,,,0.0,0.0,0.0,,,
2015-07-24,,,,,,,,,,,,,,,,,,,,12.33,,,,,,,,,,,,0.0,0.0,0.0,,,
2015-07-31,,,,,,,,,,,,,,,,,,,,12.33,,,,,,,,,,,,0.0,0.0,0.0,,,
2015-08-01,8.32,7.79,8.59,,0.12033694,-0.51085568,0.23337223,,15.07607192,13.88888889,15.76819407,,,,,,,,,,7422.0,11235359.2,72392.0,2267.0,470060.0,2267.0,,,,,,9689.0,11705419.2,74659.0,,,
2015-08-07,,,,,,,,,,,,,,,,,,,,12.42,,,,,,,,,,,,0.0,0.0,0.0,,,
2015-08-14,,,,,,,,,,,,,,,,,,,,12.42,,,,,,,,,,,,0.0,0.0,0.0,,,
2015-08-21,,,,,,,,,,,,,,,,,,,,12.57,,,,,,,,,,,,0.0,0.0,0.0,,,
2015-08-28,,,,,,,,,,,,,,,,,,,,12.93,,,,,,,,,,,,0.0,0.0,0.0,,,
2015-09-01,8.45,7.95,8.68,,1.5625,2.05391528,1.04772992,,15.27967258,14.88439306,15.42553191,,,,,,,,,,5784.0,9822813.9,62717.0,1794.0,389625.7,1794.0,,,,,,7578.0,10212439.6,64511.0,,,
2015-09-04,,,,,,,,,,,,,,,,,,,,13.3,,,,,,,,,,,,0.0,0.0,0.0,,,
2015-09-11,,,,,,,,,,,,,,,,,,,,13.44,,,,,,,,,,,,0.0,0.0,0.0,,,
2015-09-18,,,,,,,,,,,,,,,,,,,,13.81,,,,,,,,,,,,0.0,0.0,0.0,,,
2015-09-25,,,,,,,,,,,,,,,,,,,,13.74,,,,,,,,,,,,0.0,0.0,0.0,,,
2015-10-01,8.5,7.94,8.75,,0.59171598,-0.12578616,0.80645161,,15.33242877,13.75358166,15.58784676,,2217.2,,,,,,,,6175.0,9585066.1,61517.0,1517.0,330860.5,1517.0,,,,,,7692.0,9915926.6,63034.0,,,
2015-10-02,,,,,,,,,,,,,,,,,,,,14.08,,,,,,,,,,,,0.0,0.0,0.0,,,
2015-10-09,,,,,,,,,,,,,,,,,,,,14.26,,,,,,,,,,,,0.0,0.0,0.0,,,
2015-10-16,,,,,,,,,,,,,,,,,,,,14.35,,,,,,,,,,,,0.0,0.0,0.0,,,
2015-10-23,,,,,,,,,,,,,,,,,,,,14.41,,,,,,,,,,,,0.0,0.0,0.0,,,
2015-10-30,,,,,,,,,,,,,,,,,,,,14.41,,,,,,,,,,,,0.0,0.0,0.0,,,
2015-11-01,8.67,8.09,8.97,,2.0,1.88916877,2.51428571,,16.53225806,14.91477273,17.25490196,,,,,,,,,,7141.0,11164594.5,71745.0,1953.0,433554.2,1953.0,,,,,,9094.0,11598148.7,73698.0,,,
2015-11-06,,,,,,,,,,,,,,,,,,,,14.29,,,,,,,,,,,,0.0,0.0,0.0,,,
2015-11-13,,,,,,,,,,,,,,,,,,,,14.24,,,,,,,,,,,,0.0,0.0,0.0,,,
2015-11-20,,,,,,,,,,,,,,,,,,,,14.11,,,,,,,,,,,,0.0,0.0,0.0,,,
2015-11-27,,,,,,,,,,,,,,,,,,,,13.86,,,,,,,,,,,,0.0,0.0,0.0,,,
2015-12-01,8.67,8.08,8.96,,0.0,-0.12360939,-0.11148272,,15.13944223,13.8028169,15.46391753,,,,,,,,,,11108.0,18256619.0,114904.0,2872.0,664583.4,2872.0,,,,,,13980.0,18921202.4,117776.0,,,
2015-12-04,,,,,,,,,,,,,,,,,,,,13.98,,,,,,,,,,,,0.0,0.0,0.0,,,
2015-12-11,,,,,,,,,,,,,,,,,,,,13.97,,,,,,,,,,,,0.0,0.0,0.0,,,
2015-12-18,,,,,,,,,,,,,,,,,,,,14.0,,,,,,,,,,,,0.0,0.0,0.0,,,
2015-12-25,,,,,,,,,,,,,,,,,,,,14.07,,,,,,,,,,,,0.0,0.0,0.0,,,
2016-01-01,8.82,8.2,9.04,,1.73010381,1.48514851,0.89285714,,15.29411765,14.0472879,15.01272265,,2303.1,,,,,,,14.08,6811.0,12941158.9,83242.0,1647.0,373268.2,1647.0,,,,,,8458.0,13314427.1,84889.0,,,
2016-01-08,,,,,,,,,,,,,,,,,,,,14.24,,,,,,,,,,,,0.0,0.0,0.0,,,
2016-01-15,,,,,,,,,,,,,,,,,,,,14.29,,,,,,,,,,,,0.0,0.0,0.0,,,
2016-01-22,,,,,,,,,,,,,,,,,,,,14.34,,,,,,,,,,,,0.0,0.0,0.0,,,
2016-01-29,,,,,,,,,,,,,,,,,,,,14.41,,,,,,,,,,,,0.0,0.0,0.0,,,
2016-02-01,8.89,8.24,9.14,,0.79365079,0.48780488,1.10619469,,14.26735219,12.72229822,14.53634085,,,,,,,,,,7501.0,13071464.4,83964.0,1842.0,410624.7,1842.0,,,,,,9343.0,13482089.1,85806.0,,,
2016-02-05,,,,,,,,,,,,,,,,,,,,14.47,,,,,,,,,,,,0.0,0.0,0.0,,,
2016-02-12,,,,,,,,,,,,,,,,,,,,14.5,,,,,,,,,,,,0.0,0.0,0.0,,,
2016-02-19,,,,,,,,,,,,,,,,,,,,14.38,,,,,,,,,,,,0.0,0.0,0.0,,,
2016-02-26,,,,,,,,,,,,,,,,,,,,14.43,,,,,,,,,,,,0.0,0.0,0.0,,,
2016-03-01,8.97,8.35,9.19,,0.89988751,1.33495146,0.54704595,,13.40075853,12.68556005,13.31689273,,,,,,,,,,8630.0,14580916.8,92606.0,1814.0,381450.6,1814.0,,,,,,10444.0,14962367.4,94420.0,,,
2016-03-04,,,,,,,,,,,,,,,,,,,,14.46,,,,,,,,,,,,0.0,0.0,0.0,,,
2016-03-11,,,,,,,,,,,,,,,,,,,,14.45,,,,,,,,,,,,0.0,0.0,0.0,,,
2016-03-18,,,,,,,,,,,,,,,,,,,,14.46,,,,,,,,,,,,0.0,0.0,0.0,,,
2016-03-25,,,,,,,,,,,,,,,,,,,,14.44,,,,,,,,,,,,0.0,0.0,0.0,,,
2016-04-01,9.06,8.44,9.33,,1.00334448,1.07784431,1.52339499,,12.96758105,12.38348868,12.95399516,,2408.7,,,,,,,14.44,8051.0,13085577.1,83550.0,2362.0,563229.0,2362.0,,,,,,10413.0,13648806.1,85912.0,,,
2016-04-08,,,,,,,,,,,,,,,,,,,,14.46,,,,,,,,,,,,0.0,0.0,0.0,,,
2016-04-15,,,,,,,,,,,,,,,,,,,,14.33,,,,,,,,,,,,0.0,0.0,0.0,,,
2016-04-22,,,,,,,,,,,,,,,,,,,,14.27,,,,,,,,,,,,0.0,0.0,0.0,,,
2016-04-29,,,,,,,,,,,,,,,,,,,,14.13,,,,,,,,,,,,0.0,0.0,0.0,,,
2016-05-01,9.19,8.5,9.48,,1.43487859,0.71090047,1.60771704,,13.1773399,12.43386243,13.26164875,,,,,,,,,,7760.0,13283888.6,82614.0,1984.0,416582.3,1984.0,,,,,,9744.0,13700470.9,84598.0,,,
2016-05-06,,,,,,,,,,,,,,,,,,,,14.04,,,,,,,,,,,,0.0,0.0,0.0,,,
2016-05-13,,,,,,,,,,,,,,,,,,,,13.95,,,,,,,,,,,,0.0,0.0,0.0,,,
2016-05-20,,,,,,,,,,,,,,,,,,,,13.91,,,,,,,,,,,,0.0,0.0,0.0,,,
2016-05-27,,,,,,,,,,,,,,,,,,,,13.93,,,,,,,,,,,,0.0,0.0,0.0,,,
2016-06-01,9.27,8.61,9.57,,0.87051143,1.29411765,0.94936709,,12.22760291,12.109375,12.32394366,,,,,,,,,,7711.0,12633622.7,80549.0,2238.0,458134.8,2238.0,,,,,,9949.0,13091757.5,82787.0,,,
2016-06-03,,,,,,,,,,,,,,,,,,,,13.93,,,,,,,,,,,,0.0,0.0,0.0,,,
2016-06-10,,,,,,,,,,,,,,,,,,,,13.77,,,,,,,,,,,,0.0,0.0,0.0,,,
2016-06-17,,,,,,,,,,,,,,,,,,,,13.85,,,,,,,,,,,,0.0,0.0,0.0,,,
2016-06-24,,,,,,,,,,,,,,,,,,,,13.79,,,,,,,,,,,,0.0,0.0,0.0,,,
2016-07-01,9.3,8.61,9.58,,0.3236246,0.0,0.10449321,,11.9133574,9.96168582,11.78529755,,2527.1,,,,,,,13.74,4932.0,8256208.3,52618.0,1519.0,316127.1,1519.0,,,,,,6451.0,8572335.4,54137.0,,,
2016-07-08,,,,,,,,,,,,,,,,,,,,13.61,,,,,,,,,,,,0.0,0.0,0.0,,,
2016-07-15,,,,,,,,,,,,,,,,,,,,13.64,,,,,,,,,,,,0.0,0.0,0.0,,,
2016-07-22,,,,,,,,,,,,,,,,,,,,13.63,,,,,,,,,,,,0.0,0.0,0.0,,,
2016-07-29,,,,,,,,,,,,,,,,,,,,13.72,,,,,,,,,,,,0.0,0.0,0.0,,,
2016-08-01,9.42,8.71,9.69,,1.29032258,1.16144019,1.14822547,,13.22115385,11.81001284,12.80558789,,,,,,,,,,7333.0,11739989.6,75191.0,1962.0,419614.0,1962.0,,,,,,9295.0,12159603.6,77153.0,,,
2016-08-05,,,,,,,,,,,,,,,,,,,,13.79,,,,,,,,,,,,0.0,0.0,0.0,,,
2016-08-12,,,,,,,,,,,,,,,,,,,,13.31,,,,,,,,,,,,0.0,0.0,0.0,,,
2016-08-19,,,,,,,,,,,,,,,,,,,,12.26,,,,,,,,,,,,0.0,0.0,0.0,,,
2016-08-26,,,,,,,,,,,,,,,,,,,,12.07,,,,,,,,,,,,0.0,0.0,0.0,,,
2016-09-01,9.5,8.76,9.78,,0.8492569,0.57405281,0.92879257,,12.4260355,10.18867925,12.67281106,,,,,,,,,,6196.0,10747848.6,65585.0,1509.0,327860.0,1509.0,,,,,,7705.0,11075708.6,67094.0,,,
2016-09-02,,,,,,,,,,,,,,,,,,,,12.03,,,,,,,,,,,,0.0,0.0,0.0,,,
2016-09-09,,,,,,,,,,,,,,,,,,,,12.02,,,,,,,,,,,,0.0,0.0,0.0,,,
2016-09-16,,,,,,,,,,,,,,,,,,,,12.27,,,,,,,,,,,,0.0,0.0,0.0,,,
2016-09-23,,,,,,,,,,,,,,,,,,,,12.07,,,,,,,,,,,,0.0,0.0,0.0,,,
2016-09-30,,,,,,,,,,,,,,,,,,,,12.05,,,,,,,,,,,,0.0,0.0,0.0,,,
2016-10-01,9.53,8.84,9.83,,0.31578947,0.91324201,0.51124744,,12.11764706,11.33501259,12.34285714,,2561.7,,,,,,,,7358.0,11940198.0,77805.0,2103.0,458185.5,2103.0,,,,,,9461.0,12398383.5,79908.0,,,
2016-10-07,,,,,,,,,,,,,,,,,,,,12.15,,,,,,,,,,,,0.0,0.0,0.0,,,
2016-10-14,,,,,,,,,,,,,,,,,,,,12.12,,,,,,,,,,,,0.0,0.0,0.0,,,
2016-10-21,,,,,,,,,,,,,,,,,,,,12.1,,,,,,,,,,,,0.0,0.0,0.0,,,
2016-10-28,,,,,,,,,,,,,,,,,,,,12.09,,,,,,,,,,,,0.0,0.0,0.0,,,
2016-11-01,9.62,8.93,9.89,,0.94438615,1.01809955,0.6103764,,10.95732411,10.38318912,10.25641026,,,,,,,,,,8261.0,13187168.3,86517.0,2158.0,476756.9,2158.0,,,,,,10419.0,13663925.200000001,88675.0,,,
2016-11-04,,,,,,,,,,,,,,,,,,,,12.0,,,,,,,,,,,,0.0,0.0,0.0,,,
2016-11-11,,,,,,,,,,,,,,,,,,,,11.71,,,,,,,,,,,,0.0,0.0,0.0,,,
2016-11-18,,,,,,,,,,,,,,,,,,,,11.58,,,,,,,,,,,,0.0,0.0,0.0,,,
2016-11-25,,,,,,,,,,,,,,,,,,,,11.48,,,,,,,,,,,,0.0,0.0,0.0,,,
2016-12-01,9.7,9.03,9.98,,0.83160083,1.11982083,0.91001011,,11.88004614,11.75742574,11.38392857,,,,,,,,,,11363.0,20103785.0,126211.0,2419.0,533373.6,2419.0,,,,,,13782.0,20637158.6,128630.0,,,
2016-12-02,,,,,,,,,,,,,,,,,,,,11.44,,,,,,,,,,,,0.0,0.0,0.0,,,
2016-12-09,,,,,,,,,,,,,,,,,,,,11.42,,,,,,,,,,,,0.0,0.0,0.0,,,
2016-12-16,,,,,,,,,,,,,,,,,,,,11.4,,,,,,,,,,,,0.0,0.0,0.0,,,
2016-12-23,,,,,,,,,,,,,,,,,,,,11.43,,,,,,,,,,,,0.0,0.0,0.0,,,
2016-12-30,,,,,,,,,,,,,,,,,,,,11.43,,,,,,,,,,,,0.0,0.0,0.0,,,
2017-01-01,9.83,9.02,10.12,,1.34020619,-0.11074197,1.40280561,,11.45124717,10.0,11.94690265,,2638.4,,,,,,,,6192.0,10954500.3,69691.0,1409.0,301524.3,1409.0,,,,,,7601.0,11256024.600000001,71100.0,,,
2017-01-06,,,,,,,,,,,,,,,,,,,,11.43,,,,,,,,,,,,0.0,0.0,0.0,,,
2017-01-13,,,,,,,,,,,,,,,,,,,,11.45,,,,,,,,,,,,0.0,0.0,0.0,,,
2017-01-20,,,,,,,,,,,,,,,,,,,,11.47,,,,,,,,,,,,0.0,0.0,0.0,,,
2017-01-27,,,,,,,,,,,,,,,,,,,,11.46,,,,,,,,,,,,0.0,0.0,0.0,,,
2017-02-01,9.96,9.26,10.2,,1.3224822,2.66075388,0.79051383,,12.0359955,12.37864078,11.59737418,,,,,,,,,,6403.0,10726359.2,69716.0,1276.0,258880.4,1276.0,,,,,,7679.0,10985239.6,70992.0,,,
2017-02-03,,,,,,,,,,,,,,,,,,,,11.41,,,,,,,,,,,,0.0,0.0,0.0,,,
2017-02-10,,,,,,,,,,,,,,,,,,,,11.41,,,,,,,,,,,,0.0,0.0,0.0,,,
2017-02-17,,,,,,,,,,,,,,,,,,,,11.41,,,,,,,,,,,,0.0,0.0,0.0,,,
2017-02-24,,,,,,,,,,,,,,,,,,,,11.28,,,,,,,,,,,,0.0,0.0,0.0,,,
2017-03-01,10.07,9.37,10.34,,1.10441767,1.18790497,1.37254902,,12.26309922,12.21556886,12.51360174,,,,,,,,,,8765.0,15210044.0,98954.0,1941.0,427964.2,1941.0,,,,,,10706.0,15638008.2,100895.0,,,
2017-03-03,,,,,,,,,,,,,,,,,,,,11.0,,,,,,,,,,,,0.0,0.0,0.0,,,
2017-03-10,,,,,,,,,,,,,,,,,,,,11.09,,,,,,,,,,,,0.0,0.0,0.0,,,
2017-03-17,,,,,,,,,,,,,,,,,,,,11.13,,,,,,,,,,,,0.0,0.0,0.0,,,
2017-03-24,,,,,,,,,,,,,,,,,,,,11.11,,,,,,,,,,,,0.0,0.0,0.0,,,
2017-03-31,,,,,,,,,,,,,,,,,,,,10.95,,,,,,,,,,,,0.0,0.0,0.0,,,
2017-04-01,10.18,9.4,10.47,,1.09235353,0.32017076,1.25725338,,12.36203091,11.37440758,12.21864952,,2753.8,,,,,,,,8643.0,15374727.1,97685.0,2080.0,467316.9,2080.0,,,,,,10723.0,15842044.0,99765.0,,,
2017-04-07,,,,,,,,,,,,,,,,,,,,11.02,,,,,,,,,,,,0.0,0.0,0.0,,,
2017-04-14,,,,,,,,,,,,,,,,,,,,11.32,,,,,,,,,,,,0.0,0.0,0.0,,,
2017-04-21,,,,,,,,,,,,,,,,,,,,11.31,,,,,,,,,,,,0.0,0.0,0.0,,,
2017-04-28,,,,,,,,,,,,,,,,,,,,11.45,,,,,,,,,,,,0.0,0.0,0.0,,,
2017-05-01,10.24,9.44,10.58,,0.58939096,0.42553191,1.05062082,,11.42546246,11.05882353,11.60337553,,,,,,,,,,9259.0,15297260.3,98583.0,2087.0,457867.2,2087.0,,,,,,11346.0,15755127.5,100670.0,,,
2017-05-05,,,,,,,,,,,,,,,,,,,,11.4,,,,,,,,,,,,0.0,0.0,0.0,,,
2017-05-12,,,,,,,,,,,,,,,,,,,,11.5,,,,,,,,,,,,0.0,0.0,0.0,,,
2017-05-19,,,,,,,,,,,,,,,,,,,,11.57,,,,,,,,,,,,0.0,0.0,0.0,,,
2017-05-26,,,,,,,,,,,,,,,,,,,,11.71,,,,,,,,,,,,0.0,0.0,0.0,,,
2017-06-01,10.33,9.46,10.68,,0.87890625,0.21186441,0.94517958,,11.43473571,9.87224158,11.59874608,,,,,,,,,,16972.0,36811810.4,226812.0,3693.0,895395.6,3693.0,,,,,,20665.0,37707206.0,230505.0,,,
2017-06-02,,,,,,,,,,,,,,,,,,,,11.63,,,,,,,,,,,,0.0,0.0,0.0,,,
2017-06-09,,,,,,,,,,,,,,,,,,,,11.7,,,,,,,,,,,,0.0,0.0,0.0,,,
2017-06-16,,,,,,,,,,,,,,,,,,,,11.77,,,,,,,,,,,,0.0,0.0,0.0,,,
2017-06-23,,,,,,,,,,,,,,,,,,,,11.72,,,,,,,,,,,,0.0,0.0,0.0,,,
2017-06-30,,,,,,,,,,,,,,,,,,,,11.78,,,,,,,,,,,,0.0,0.0,0.0,,,
2017-07-01,10.34,9.55,10.67,,0.09680542,0.95137421,-0.09363296,,11.1827957,10.91753775,11.37787056,,2789.0,,,,,,,,8944.0,16385445.5,103616.0,2063.0,433099.4,2063.0,,,,,,11007.0,16818544.9,105679.0,,,
2017-07-07,,,,,,,,,,,,,,,,,,,,11.75,,,,,,,,,,,,0.0,0.0,0.0,,,
2017-07-14,,,,,,,,,,,,,,,,,,,,12.02,,,,,,,,,,,,0.0,0.0,0.0,,,
2017-07-21,,,,,,,,,,,,,,,,,,,,12.17,,,,,,,,,,,,0.0,0.0,0.0,,,
2017-07-28,,,,,,,,,,,,,,,,,,,,12.12,,,,,,,,,,,,0.0,0.0,0.0,,,
2017-08-01,10.24,9.49,10.57,,-0.96711799,-0.62827225,-0.93720712,,8.70488323,8.95522388,9.08152735,,,,,,,,,,8307.0,15322502.8,97407.0,2219.0,433414.1,2219.0,,,,,,10526.0,15755916.9,99626.0,,,
2017-08-04,,,,,,,,,,,,,,,,,,,,12.08,,,,,,,,,,,,0.0,0.0,0.0,,,
2017-08-11,,,,,,,,,,,,,,,,,,,,12.49,,,,,,,,,,,,0.0,0.0,0.0,,,
2017-08-18,,,,,,,,,,,,,,,,,,,,12.7,,,,,,,,,,,,0.0,0.0,0.0,,,
2017-08-25,,,,,,,,,,,,,,,,,,,,12.69,,,,,,,,,,,,0.0,0.0,0.0,,,
2017-09-01,10.47,9.73,10.78,,2.24609375,2.52897787,1.98675497,,10.21052632,11.07305936,10.22494888,,,,,,,,,12.96,23864.0,55572111.0,329460.0,4008.0,989939.4,4008.0,,,,,,27872.0,56562050.4,333468.0,,,
2017-09-08,,,,,,,,,,,,,,,,,,,,12.67,,,,,,,,,,,,0.0,0.0,0.0,,,
2017-09-15,,,,,,,,,,,,,,,,,,,,12.89,,,,,,,,,,,,0.0,0.0,0.0,,,
2017-09-22,,,,,,,,,,,,,,,,,,,,12.94,,,,,,,,,,,,0.0,0.0,0.0,,,
2017-09-29,,,,,,,,,,,,,,,,,,,,12.88,,,,,,,,,,,,0.0,0.0,0.0,,,
2017-10-01,10.5,9.79,10.84,,0.28653295,0.61664954,0.55658627,,10.17838405,10.74660633,10.27466938,,2824.5,,,,,,,,6086.0,10615923.5,64245.0,2397.0,486302.5,2397.0,,,,,,8483.0,11102226.0,66642.0,,,
2017-10-06,,,,,,,,,,,,,,,,,,,,13.04,,,,,,,,,,,,0.0,0.0,0.0,,,
2017-10-13,,,,,,,,,,,,,,,,,,,,13.04,,,,,,,,,,,,0.0,0.0,0.0,,,
2017-10-20,,,,,,,,,,,,,,,,,,,,13.09,,,,,,,,,,,,0.0,0.0,0.0,,,
2017-10-27,,,,,,,,,,,,,,,,,,,,13.01,,,,,,,,,,,,0.0,0.0,0.0,,,
2017-11-01,10.53,9.89,10.89,,0.28571429,1.02145046,0.46125461,,9.45945946,10.75027996,10.11122346,,,,,,,,,,4444.0,8049731.2,48454.0,1879.0,398588.4,1879.0,,,,,,6323.0,8448319.6,50333.0,,,
2017-11-03,,,,,,,,,,,,,,,,,,,,13.06,,,,,,,,,,,,0.0,0.0,0.0,,,
2017-11-10,,,,,,,,,,,,,,,,,,,,13.11,,,,,,,,,,,,0.0,0.0,0.0,,,
2017-11-17,,,,,,,,,,,,,,,,,,,,13.16,,,,,,,,,,,,0.0,0.0,0.0,,,
2017-11-24,,,,,,,,,,,,,,,,,,,,13.14,,,,,,,,,,,,0.0,0.0,0.0,,,
2017-12-01,10.61,9.87,10.98,,0.75973409,-0.20222447,0.82644628,,9.3814433,9.30232558,10.02004008,,,,,,,,,13.25,6829.0,12818655.9,79812.0,2327.0,452735.3,2327.0,,,,,,9156.0,13271391.200000001,82139.0,,,
2017-12-08,,,,,,,,,,,,,,,,,,,,13.14,,,,,,,,,,,,0.0,0.0,0.0,,,
2017-12-15,,,,,,,,,,,,,,,,,,,,13.62,,,,,,,,,,,,0.0,0.0,0.0,,,
2017-12-22,,,,,,,,,,,,,,,,,,,,13.83,,,,,,,,,,,,0.0,0.0,0.0,,,
2017-12-29,,,,,,,,,,,,,,,,,,,,13.78,,,,,,,,,,,,0.0,0.0,0.0,,,
2018-01-01,10.68,9.91,11.02,11.98,0.65975495,0.40526849,0.36429872,,8.64699898,9.86696231,8.89328063,,2839.4,11.11,,,,,,,4268.0,7156897.7,46053.0,1571.0,313851.8,1571.0,,,,,,5839.0,7470749.5,47624.0,,,256.0
2018-01-05,,,,,,,,,,,,,,,,,,,,14.29,,,,,,,,,,,,0.0,0.0,0.0,,,
2018-01-12,,,,,,,,,,,,,,,,,,,,13.89,,,,,,,,,,,,0.0,0.0,0.0,,,
2018-01-19,,,,,,,,,,,,,,,,,,,,14.3,,,,,,,,,,,,0.0,0.0,0.0,,,
2018-01-26,,,,,,,,,,,,,,,,,,,,14.08,,,,,,,,,,,,0.0,0.0,0.0,,,
2018-02-01,10.75,10.09,11.1,11.94,0.65543071,1.81634712,0.72595281,-0.33388982,7.93172691,8.96328294,8.82352941,,,,,,,,,,4165.0,6342915.9,41690.0,1760.0,363136.3,1760.0,,,,,,5925.0,6706052.2,43450.0,,,
2018-02-02,,,,,,,,,,,,,,,,,,,,14.55,,,,,,,,,,,,0.0,0.0,0.0,,,
2018-02-09,,,,,,,,,,,,,,,,,,,,14.68,,,,,,,,,,,,0.0,0.0,0.0,,,
2018-02-16,,,,,,,,,,,,,,,,,,,,14.8,,,,,,,,,,,,0.0,0.0,0.0,,,
2018-02-23,,,,,,,,,,,,,,,,,,,,14.7,,,,,,,,,,,,0.0,0.0,0.0,,,
2018-03-01,10.86,10.21,11.2,12.08,1.02325581,1.18929633,0.9009009,1.17252931,7.84508441,8.96478122,8.3172147,,,,,,,,,,5351.0,7697523.0,51046.0,2097.0,431785.8,2097.0,,,,,,7448.0,8129308.8,53143.0,,,
2018-03-02,,,,,,,,,,,,,,,,,,,,14.64,,,,,,,,,,,,0.0,0.0,0.0,,,
2018-03-09,,,,,,,,,,,,,,,,,,,,14.85,,,,,,,,,,,,0.0,0.0,0.0,,,
2018-03-16,,,,,,,,,,,,,,,,,,,,14.87,,,,,,,,,,,,0.0,0.0,0.0,,,
2018-03-23,,,,,,,,,,,,,,,,,,,,14.62,,,,,,,,,,,,0.0,0.0,0.0,,,
2018-03-30,,,,,,,,,,,,,,,,,,,,14.96,,,,,,,,,,,,0.0,0.0,0.0,,,
2018-04-01,10.93,10.21,11.31,12.15,0.64456722,0.0,0.98214286,0.5794702,7.36738703,8.61702128,8.02292264,,2907.3,11.37,,,,,,,5706.0,8885195.0,56908.0,2061.0,411537.7,2061.0,,,,,,7767.0,9296732.7,58969.0,,,256.0
2018-04-06,,,,,,,,,,,,,,,,,,,,14.97,,,,,,,,,,,,0.0,0.0,0.0,,,
2018-04-13,,,,,,,,,,,,,,,,,,,,14.6,,,,,,,,,,,,0.0,0.0,0.0,,,
2018-04-20,,,,,,,,,,,,,,,,,,,,14.91,,,,,,,,,,,,0.0,0.0,0.0,,,
2018-04-27,,,,,,,,,,,,,,,,,,,,14.84,,,,,,,,,,,,0.0,0.0,0.0,,,
2018-05-01,11.13,10.41,11.5,12.29,1.82982617,1.95886386,1.67992927,1.15226337,8.69140625,10.27542373,8.69565217,,,,,,,,,,8439.0,12957362.5,84358.0,2507.0,525226.4,2507.0,,,,,,10946.0,13482588.9,86865.0,,,
2018-05-04,,,,,,,,,,,,,,,,,,,,14.53,,,,,,,,,,,,0.0,0.0,0.0,,,
2018-05-11,,,,,,,,,,,,,,,,,,,,14.82,,,,,,,,,,,,0.0,0.0,0.0,,,
2018-05-18,,,,,,,,,,,,,,,,,,,,13.15,,,,,,,,,,,,0.0,0.0,0.0,,,
2018-05-25,,,,,,,,,,,,,,,,,,,,13.01,,,,,,,,,,,,0.0,0.0,0.0,,,
2018-06-01,11.27,10.5,11.68,12.44,1.25786164,0.86455331,1.56521739,1.22050448,9.09970958,10.99365751,9.36329588,,,,,,,,,13.02,7137.0,11507274.1,75168.0,2115.0,421275.6,2115.0,,,,,,9252.0,11928549.7,77283.0,,,
2018-06-08,,,,,,,,,,,,,,,,,,,,13.06,,,,,,,,,,,,0.0,0.0,0.0,,,
2018-06-15,,,,,,,,,,,,,,,,,,,,13.16,,,,,,,,,,,,0.0,0.0,0.0,,,
2018-06-22,,,,,,,,,,,,,,,,,,,,13.11,,,,,,,,,,,,0.0,0.0,0.0,,,
2018-06-29,,,,,,,,,,,,,,,,,,,,13.14,,,,,,,,,,,,0.0,0.0,0.0,,,
2018-07-01,11.19,10.47,11.57,12.52,-0.70984916,-0.28571429,-0.94178082,0.64308682,8.2205029,9.63350785,8.4348641,,2946.9,11.59,,,,,,,5514.0,9571439.9,60496.0,1761.0,380905.4,1761.0,,,,,,7275.0,9952345.3,62257.0,,,254.0
2018-07-06,,,,,,,,,,,,,,,,,,,,13.46,,,,,,,,,,,,0.0,0.0,0.0,,,
2018-07-13,,,,,,,,,,,,,,,,,,,,15.79,,,,,,,,,,,,0.0,0.0,0.0,,,
2018-07-20,,,,,,,,,,,,,,,,,,,,18.76,,,,,,,,,,,,0.0,0.0,0.0,,,
2018-07-27,,,,,,,,,,,,,,,,,,,,19.43,,,,,,,,,,,,0.0,0.0,0.0,,,
2018-08-01,11.14,10.46,11.51,12.57,-0.44682752,-0.09551098,-0.51858254,0.39936102,8.7890625,10.22128556,8.89309366,,,,,,,,,,3468.0,5663585.1,35809.0,1590.0,322804.3,1590.0,,,,,,5058.0,5986389.399999999,37399.0,,,
2018-08-03,,,,,,,,,,,,,,,,,,,,19.97,,,,,,,,,,,,0.0,0.0,0.0,,,
2018-08-10,,,,,,,,,,,,,,,,,,,,19.99,,,,,,,,,,,,0.0,0.0,0.0,,,
2018-08-17,,,,,,,,,,,,,,,,,,,,20.21,,,,,,,,,,,,0.0,0.0,0.0,,,
2018-08-24,,,,,,,,,,,,,,,,,,,,11.64,,,,,,,,,,,,0.0,0.0,0.0,,,
2018-08-31,,,,,,,,,,,,,,,,,,,,23.15,,,,,,,,,,,,0.0,0.0,0.0,,,
2018-09-01,11.2,10.51,11.64,12.66,0.53859964,0.47801147,1.12945265,0.71599045,6.97230181,8.01644399,7.97773655,,,,,,,,,,4369.0,6555132.6,41712.0,1881.0,389531.0,1881.0,,,,,,6250.0,6944663.6,43593.0,,,
2018-09-07,,,,,,,,,,,,,,,,,,,,22.77,,,,,,,,,,,,0.0,0.0,0.0,,,
2018-09-14,,,,,,,,,,,,,,,,,,,,24.25,,,,,,,,,,,,0.0,0.0,0.0,,,
2018-09-21,,,,,,,,,,,,,,,,,,,,25.7,,,,,,,,,,,,0.0,0.0,0.0,,,
2018-09-28,,,,,,,,,,,,,,,,,,,,28.0,,,,,,,,,,,,0.0,0.0,0.0,,,
2018-10-01,11.3,10.43,11.75,13.04,0.89285714,-0.76117983,0.94501718,3.00157978,7.61904762,6.53728294,8.39483395,,3050.3,11.94,,,,,,,4143.0,6556256.8,41507.0,2022.0,394310.9,2022.0,,,,,,6165.0,6950567.7,43529.0,,,255.0
2018-10-05,,,,,,,,,,,,,,,,,,,,29.06,,,,,,,,,,,,0.0,0.0,0.0,,,
2018-10-12,,,,,,,,,,,,,,,,,,,,28.59,,,,,,,,,,,,0.0,0.0,0.0,,,
2018-10-19,,,,,,,,,,,,,,,,,,,,28.86,,,,,,,,,,,,0.0,0.0,0.0,,,
2018-10-26,,,,,,,,,,,,,,,,,,,,29.28,,,,,,,,,,,,0.0,0.0,0.0,,,
2018-11-01,11.32,10.63,11.61,12.95,0.17699115,1.91754554,-1.19148936,-0.69018405,7.50237417,7.48230536,6.61157025,,,,,,,,,,3782.0,6540698.6,39665.0,1994.0,378803.3,1994.0,,,,,,5776.0,6919501.899999999,41659.0,,,
2018-11-02,,,,,,,,,,,,,,,,,,,,29.05,,,,,,,,,,,,0.0,0.0,0.0,,,
2018-11-09,,,,,,,,,,,,,,,,,,,,28.4,,,,,,,,,,,,0.0,0.0,0.0,,,
2018-11-16,,,,,,,,,,,,,,,,,,,,28.77,,,,,,,,,,,,0.0,0.0,0.0,,,
2018-11-23,,,,,,,,,,,,,,,,,,,,28.55,,,,,,,,,,,,0.0,0.0,0.0,,,
2018-11-30,,,,,,,,,,,,,,,,,,,,28.38,,,,,,,,,,,,0.0,0.0,0.0,,,
2018-12-01,11.19,10.7,11.49,12.83,-1.14840989,0.65851364,-1.03359173,-0.92664093,5.466541,8.40932118,4.64480874,,,,,,,,,,7187.0,14472490.2,85758.0,2387.0,539708.8,2387.0,,,,,,9574.0,15012199.0,88145.0,,,
2018-12-07,,,,,,,,,,,,,,,,,,,,28.02,,,,,,,,,,,,0.0,0.0,0.0,,,
2018-12-14,,,,,,,,,,,,,,,,,,,,27.84,,,,,,,,,,,,0.0,0.0,0.0,,,
2018-12-21,,,,,,,,,,,,,,,,,,,,28.04,,,,,,,,,,,,0.0,0.0,0.0,,,
2018-12-28,,,,,,,,,,,,,,,,,,,,27.39,,,,,,,,,,,,0.0,0.0,0.0,,,
2019-01-01,11.18,10.81,11.43,13.16,-0.0893655,1.02803738,-0.52219321,2.57209665,4.68164794,9.08173562,3.72050817,9.84974958,2889.3,11.42,,,,,,,1995.0,3226501.9,20952.0,1474.0,253935.0,1474.0,,,,,,3469.0,3480436.9,22426.0,,,253.0
2019-01-04,,,,,,,,,,,,,,,,,,,,27.7,,,,,,,,,,,,0.0,0.0,0.0,,,
2019-01-11,,,,,,,,,,,,,,,,,,,,26.46,,,,,,,,,,,,0.0,0.0,0.0,,,
2019-01-18,,,,,,,,,,,,,,,,,,,,25.79,,,,,,,,,,,,0.0,0.0,0.0,,,
2019-01-25,,,,,,,,,,,,,,,,,,,,24.93,,,,,,,,,,,,0.0,0.0,0.0,,,
2019-02-01,11.19,10.64,11.47,12.88,0.08944544,-1.57261795,0.34995626,-2.12765957,4.09302326,5.45094153,3.33333333,7.87269682,,,,,,,,24.65,1891.0,3204579.7,19966.0,975.0,200074.7,975.0,,,,,,2866.0,3404654.4000000004,20941.0,,,
2019-02-08,,,,,,,,,,,,,,,,,,,,23.55,,,,,,,,,,,,0.0,0.0,0.0,,,
2019-02-15,,,,,,,,,,,,,,,,,,,,22.26,,,,,,,,,,,,0.0,0.0,0.0,,,
2019-02-22,,,,,,,,,,,,,,,,,,,,21.47,,,,,,,,,,,,0.0,0.0,0.0,,,
2019-03-01,11.24,10.57,11.59,12.78,0.44682752,-0.65789474,1.0462075,-0.77639752,3.49907919,3.52595495,3.48214286,5.79470199,,,,,,,,20.71,2832.0,5291214.2,33034.0,1725.0,334935.4,1725.0,,,,,,4557.0,5626149.600000001,34759.0,,,
2019-03-08,,,,,,,,,,,,,,,,,,,,18.55,,,,,,,,,,,,0.0,0.0,0.0,,,
2019-03-15,,,,,,,,,,,,,,,,,,,,17.28,,,,,,,,,,,,0.0,0.0,0.0,,,
2019-03-22,,,,,,,,,,,,,,,,,,,,17.15,,,,,,,,,,,,0.0,0.0,0.0,,,
2019-03-29,,,,,,,,,,,,,,,,,,,,17.1,,,,,,,,,,,,0.0,0.0,0.0,,,
2019-04-01,11.31,10.71,11.63,12.92,0.6227758,1.32450331,0.34512511,1.09546166,3.47666972,4.89715965,2.82935455,6.33744856,2887.5,11.52,,,,,,,1339.0,2650191.9,16032.0,1227.0,249983.1,1227.0,,,,,,2566.0,2900175.0,17259.0,,,251.0
2019-04-05,,,,,,,,,,,,,,,,,,,,17.12,,,,,,,,,,,,0.0,0.0,0.0,,,
2019-04-12,,,,,,,,,,,,,,,,,,,,17.13,,,,,,,,,,,,0.0,0.0,0.0,,,
2019-04-19,,,,,,,,,,,,,,,,,,,,17.2,,,,,,,,,,,,0.0,0.0,0.0,,,
2019-04-26,,,,,,,,,,,,,,,,,,,,19.35,,,,,,,,,,,,0.0,0.0,0.0,,,
2019-05-01,11.46,10.81,11.76,13.06,1.32625995,0.93370682,1.1177988,1.08359133,2.96495957,3.84245917,2.26086957,6.26525631,,,,,,,,,1772.0,2591646.4,16865.0,1408.0,278578.0,1408.0,,,,,,3180.0,2870224.4,18273.0,,,
2019-05-03,,,,,,,,,,,,,,,,,,,,19.87,,,,,,,,,,,,0.0,0.0,0.0,,,
2019-05-10,,,,,,,,,,,,,,,,,,,,19.85,,,,,,,,,,,,0.0,0.0,0.0,,,
2019-05-17,,,,,,,,,,,,,,,,,,,,19.83,,,,,,,,,,,,0.0,0.0,0.0,,,
2019-05-24,,,,,,,,,,,,,,,,,,,,20.85,,,,,,,,,,,,0.0,0.0,0.0,,,
2019-05-31,,,,,,,,,,,,,,,,,,,,21.86,,,,,,,,,,,,0.0,0.0,0.0,,,
2019-06-01,11.4,10.75,11.68,13.08,-0.52356021,-0.55504163,-0.68027211,0.15313936,1.15350488,2.38095238,0.0,5.14469453,,,,,,,,,1033.0,1411412.5,8913.0,816.0,171701.8,816.0,,,,,,1849.0,1583114.3,9729.0,,,
2019-06-07,,,,,,,,,,,,,,,,,,,,21.19,,,,,,,,,,,,0.0,0.0,0.0,,,
2019-06-14,,,,,,,,,,,,,,,,,,,,21.89,,,,,,,,,,,,0.0,0.0,0.0,,,
2019-06-21,,,,,,,,,,,,,,,,,,,,21.92,,,,,,,,,,,,0.0,0.0,0.0,,,
2019-06-28,,,,,,,,,,,,,,,,,,,,22.23,,,,,,,,,,,,0.0,0.0,0.0,,,
2019-07-01,11.47,10.88,11.79,13.16,0.61403509,1.20930233,0.94178082,0.6116208,2.50223414,3.91595033,1.90146932,5.11182109,2962.5,12.06,,,,,,,1803.0,2431506.0,15425.0,1390.0,252501.2,1390.0,,,,,,3193.0,2684007.2,16815.0,,,246.0
2019-07-05,,,,,,,,,,,,,,,,,,,,21.65,,,,,,,,,,,,0.0,0.0,0.0,,,
2019-07-12,,,,,,,,,,,,,,,,,,,,21.36,,,,,,,,,,,,0.0,0.0,0.0,,,
2019-07-19,,,,,,,,,,,,,,,,,,,,20.74,,,,,,,,,,,,0.0,0.0,0.0,,,
2019-07-26,,,,,,,,,,,,,,,,,,,,20.49,,,,,,,,,,,,0.0,0.0,0.0,,,
2019-08-01,11.78,11.24,12.09,13.65,2.7027027,3.30882353,2.54452926,3.72340426,5.74506284,7.45697897,5.03909644,8.59188544,,,,,,,,,1743.0,2907430.7,18358.0,1077.0,215833.2,1077.0,,,,,,2820.0,3123263.9000000004,19435.0,,,
2019-08-02,,,,,,,,,,,,,,,,,,,,18.45,,,,,,,,,,,,0.0,0.0,0.0,,,
2019-08-09,,,,,,,,,,,,,,,,,,,,13.64,,,,,,,,,,,,0.0,0.0,0.0,,,
2019-08-16,,,,,,,,,,,,,,,,,,,,12.95,,,,,,,,,,,,0.0,0.0,0.0,,,
2019-08-23,,,,,,,,,,,,,,,,,,,,12.84,,,,,,,,,,,,0.0,0.0,0.0,,,
2019-08-30,,,,,,,,,,,,,,,,,,,,12.88,,,,,,,,,,,,0.0,0.0,0.0,,,
2019-09-01,11.88,11.34,12.22,13.76,0.84889643,0.88967972,1.07526882,0.80586081,6.07142857,7.89724072,4.98281787,8.68878357,,,,,,,,,1853.0,2954669.6,18292.0,1501.0,299127.6,1501.0,,,,,,3354.0,3253797.2,19793.0,,,
2019-09-06,,,,,,,,,,,,,,,,,,,,12.9,,,,,,,,,,,,0.0,0.0,0.0,,,
2019-09-13,,,,,,,,,,,,,,,,,,,,12.95,,,,,,,,,,,,0.0,0.0,0.0,,,
2019-09-20,,,,,,,,,,,,,,,,,,,,13.02,,,,,,,,,,,,0.0,0.0,0.0,,,
2019-09-27,,,,,,,,,,,,,,,,,,,,13.06,,,,,,,,,,,,0.0,0.0,0.0,,,
2019-10-01,12.01,11.5,12.34,13.91,1.09427609,1.41093474,0.98199673,1.09011628,6.28318584,10.25886865,5.0212766,6.67177914,3060.4,12.55,,,,,,,2187.0,3122383.6,19916.0,1544.0,307298.7,1544.0,,,,,,3731.0,3429682.3000000003,21460.0,,,244.0
2019-10-04,,,,,,,,,,,,,,,,,,,,13.11,,,,,,,,,,,,0.0,0.0,0.0,,,
2019-10-11,,,,,,,,,,,,,,,,,,,,13.12,,,,,,,,,,,,0.0,0.0,0.0,,,
2019-10-18,,,,,,,,,,,,,,,,,,,,13.14,,,,,,,,,,,,0.0,0.0,0.0,,,
2019-10-25,,,,,,,,,,,,,,,,,,,,13.1,,,,,,,,,,,,0.0,0.0,0.0,,,
2019-11-01,12.14,11.7,12.47,14.09,1.08243131,1.73913043,1.0534846,1.29403307,7.24381625,10.06585136,7.40740741,8.8030888,,,,,,,,13.04,3757.0,6877593.3,42935.0,2128.0,417213.4,2128.0,,,,,,5885.0,7294806.7,45063.0,,,
2019-11-08,,,,,,,,,,,,,,,,,,,,13.01,,,,,,,,,,,,0.0,0.0,0.0,,,
2019-11-15,,,,,,,,,,,,,,,,,,,,12.97,,,,,,,,,,,,0.0,0.0,0.0,,,
2019-11-22,,,,,,,,,,,,,,,,,,,,12.92,,,,,,,,,,,,0.0,0.0,0.0,,,
2019-11-29,,,,,,,,,,,,,,,,,,,,12.88,,,,,,,,,,,,0.0,0.0,0.0,,,
2019-12-01,12.29,11.87,12.59,14.15,1.23558484,1.45299145,0.96230954,0.42583392,9.83020554,10.93457944,9.57354221,10.28838659,,,,,,,,,7521.0,11204770.8,74989.0,2423.0,505820.3,2423.0,,,,,,9944.0,11710591.100000001,77412.0,,,
2019-12-06,,,,,,,,,,,,,,,,,,,,12.78,,,,,,,,,,,,0.0,0.0,0.0,,,
2019-12-13,,,,,,,,,,,,,,,,,,,,12.68,,,,,,,,,,,,0.0,0.0,0.0,,,
2019-12-20,,,,,,,,,,,,,,,,,,,,12.64,,,,,,,,,,,,0.0,0.0,0.0,,,
2019-12-27,,,,,,,,,,,,,,,,,,,,12.64,,,,,,,,,,,,0.0,0.0,0.0,,,
2020-01-01,12.61,12.29,12.93,14.31,2.60374288,3.53833193,2.700556,1.13074205,12.79069767,13.69102683,13.12335958,8.73860182,3199.8,12.8,,,,,,,2201.0,3279142.6,21596.0,1183.0,225478.3,1183.0,,,,,,3384.0,3504620.9,22779.0,,,250.0
2020-01-03,,,,,,,,,,,,,,,,,,,,12.57,,,,,,,,,,,,0.0,0.0,0.0,,,
2020-01-10,,,,,,,,,,,,,,,,,,,,12.0,,,,,,,,,,,,0.0,0.0,0.0,,,
2020-01-17,,,,,,,,,,,,,,,,,,,,11.73,,,,,,,,,,,,0.0,0.0,0.0,,,
2020-01-24,,,,,,,,,,,,,,,,,,,,11.61,,,,,,,,,,,,0.0,0.0,0.0,,,
2020-01-31,,,,,,,,,,,,,,,,,,,,11.5,,,,,,,,,,,,0.0,0.0,0.0,,,
2020-02-01,12.89,12.53,13.24,14.6,2.22045995,1.95280716,2.39752514,2.02655486,15.19213584,17.76315789,15.43156059,13.35403727,,,,,,,,,2315.0,3647387.7,23738.0,1331.0,244870.8,1331.0,,,,,,3646.0,3892258.5,25069.0,,,
2020-02-07,,,,,,,,,,,,,,,,,,,,11.54,,,,,,,,,,,,0.0,0.0,0.0,,,
2020-02-14,,,,,,,,,,,,,,,,,,,,11.46,,,,,,,,,,,,0.0,0.0,0.0,,,
2020-02-21,,,,,,,,,,,,,,,,,,,,11.38,,,,,,,,,,,,0.0,0.0,0.0,,,
2020-02-28,,,,,,,,,,,,,,,,,,,,11.32,,,,,,,,,,,,0.0,0.0,0.0,,,
2020-03-01,13.13,12.84,13.48,14.87,1.86190846,2.47406225,1.81268882,1.84931507,16.81494662,21.47587512,16.30716135,16.35367762,,,,,,,,,3063.0,4767547.4,31631.0,1814.0,325170.8,1814.0,,,,,,4877.0,5092718.2,33445.0,,,
2020-03-06,,,,,,,,,,,,,,,,,,,,11.45,,,,,,,,,,,,0.0,0.0,0.0,,,
2020-03-13,,,,,,,,,,,,,,,,,,,,11.39,,,,,,,,,,,,0.0,0.0,0.0,,,
2020-03-20,,,,,,,,,,,,,,,,,,,,11.36,,,,,,,,,,,,0.0,0.0,0.0,,,
2020-03-27,,,,,,,,,,,,,,,,,,,,11.41,,,,,,,,,,,,0.0,0.0,0.0,,,
2020-04-01,13.15,12.58,13.49,14.93,0.15232292,-2.02492212,0.07418398,0.40349697,16.26878868,17.46031746,15.99312124,15.55727554,3464.4,13.69,,,,,,,2810.0,4359708.6,28176.0,1378.0,257787.4,1378.0,,,,,,4188.0,4617496.0,29554.0,,,253.0
2020-04-03,,,,,,,,,,,,,,,,,,,,11.68,,,,,,,,,,,,0.0,0.0,0.0,,,
2020-04-10,,,,,,,,,,,,,,,,,,,,11.79,,,,,,,,,,,,0.0,0.0,0.0,,,
2020-04-17,,,,,,,,,,,,,,,,,,,,11.93,,,,,,,,,,,,0.0,0.0,0.0,,,
2020-04-24,,,,,,,,,,,,,,,,,,,,11.49,,,,,,,,,,,,0.0,0.0,0.0,,,
2020-05-01,13.4,13.02,13.7,15.12,1.90114068,3.49761526,1.55670867,1.27260549,16.92844677,20.4440333,16.49659864,15.77335375,,,,,,,,11.38,2781.0,4224046.8,27877.0,1437.0,274608.3,1437.0,,,,,,4218.0,4498655.1,29314.0,,,
2020-05-08,,,,,,,,,,,,,,,,,,,,11.29,,,,,,,,,,,,0.0,0.0,0.0,,,
2020-05-15,,,,,,,,,,,,,,,,,,,,11.24,,,,,,,,,,,,0.0,0.0,0.0,,,
2020-05-22,,,,,,,,,,,,,,,,,,,,11.13,,,,,,,,,,,,0.0,0.0,0.0,,,
2020-05-29,,,,,,,,,,,,,,,,,,,,11.13,,,,,,,,,,,,0.0,0.0,0.0,,,
2020-06-01,14.32,13.95,14.69,15.81,6.86567164,7.14285714,7.22627737,4.56349206,25.61403509,29.76744186,25.77054795,20.87155963,,,,,,,,,6028.0,12409752.9,76402.0,2743.0,556720.9,2743.0,,,,,,8771.0,12966473.8,79145.0,,,
2020-06-05,,,,,,,,,,,,,,,,,,,,9.98,,,,,,,,,,,,0.0,0.0,0.0,,,
2020-06-12,,,,,,,,,,,,,,,,,,,,9.16,,,,,,,,,,,,0.0,0.0,0.0,,,
2020-06-19,,,,,,,,,,,,,,,,,,,,9.06,,,,,,,,,,,,0.0,0.0,0.0,,,
2020-06-26,,,,,,,,,,,,,,,,,,,,9.01,,,,,,,,,,,,0.0,0.0,0.0,,,
2020-07-01,14.85,14.47,15.23,16.28,3.70111732,3.72759857,3.67597005,2.97280202,29.46817786,32.99632353,29.17726887,23.70820669,3669.9,14.37,,,,,,,5025.0,8796585.7,55273.0,2921.0,556312.7,2921.0,,,,,,7946.0,9352898.399999999,58194.0,,,255.0
2020-07-03,,,,,,,,,,,,,,,,,,,,9.05,,,,,,,,,,,,0.0,0.0,0.0,,,
2020-07-10,,,,,,,,,,,,,,,,,,,,9.09,,,,,,,,,,,,0.0,0.0,0.0,,,
2020-07-17,,,,,,,,,,,,,,,,,,,,9.14,,,,,,,,,,,,0.0,0.0,0.0,,,
2020-07-24,,,,,,,,,,,,,,,,,,,,9.07,,,,,,,,,,,,0.0,0.0,0.0,,,
2020-07-31,,,,,,,,,,,,,,,,,,,,9.22,,,,,,,,,,,,0.0,0.0,0.0,,,
2020-08-01,15.06,14.53,15.45,16.58,1.41414141,0.414651,1.4445174,1.84275184,27.84380306,29.27046263,27.79156328,21.46520147,,,,,,,,,3642.0,5406216.3,34465.0,2866.0,527473.2,2866.0,,,,,,6508.0,5933689.5,37331.0,,,
2020-08-07,,,,,,,,,,,,,,,,,,,,9.38,,,,,,,,,,,,0.0,0.0,0.0,,,
2020-08-14,,,,,,,,,,,,,,,,,,,,9.99,,,,,,,,,,,,0.0,0.0,0.0,,,
2020-08-21,,,,,,,,,,,,,,,,,,,,11.66,,,,,,,,,,,,0.0,0.0,0.0,,,
2020-08-28,,,,,,,,,,,,,,,,,,,,13.31,,,,,,,,,,,,0.0,0.0,0.0,,,
2020-09-01,15.23,14.73,15.62,16.83,1.12881806,1.37646249,1.10032362,1.50784077,28.1986532,29.89417989,27.82324059,22.31104651,,,,,,,,,4532.0,6769289.0,43357.0,4054.0,762544.6,4054.0,,,,,,8586.0,7531833.6,47411.0,,,
2020-09-04,,,,,,,,,,,,,,,,,,,,13.8,,,,,,,,,,,,0.0,0.0,0.0,,,
2020-09-11,,,,,,,,,,,,,,,,,,,,13.88,,,,,,,,,,,,0.0,0.0,0.0,,,
2020-09-18,,,,,,,,,,,,,,,,,,,,14.14,,,,,,,,,,,,0.0,0.0,0.0,,,
2020-09-25,,,,,,,,,,,,,,,,,,,,14.8,,,,,,,,,,,,0.0,0.0,0.0,,,
2020-10-01,15.57,15.15,15.93,17.18,2.23243598,2.85132383,1.98463508,2.07961973,29.64196503,31.73913043,29.0923825,23.50826743,3972.0,15.44,,,,,,,4859.0,6686514.4,43306.0,4578.0,856566.6,4578.0,,,,,,9437.0,7543081.0,47884.0,,,257.0
2020-10-02,,,,,,,,,,,,,,,,,,,,14.97,,,,,,,,,,,,0.0,0.0,0.0,,,
2020-10-09,,,,,,,,,,,,,,,,,,,,15.04,,,,,,,,,,,,0.0,0.0,0.0,,,
2020-10-16,,,,,,,,,,,,,,,,,,,,15.1,,,,,,,,,,,,0.0,0.0,0.0,,,
2020-10-23,,,,,,,,,,,,,,,,,,,,15.04,,,,,,,,,,,,0.0,0.0,0.0,,,
2020-10-30,,,,,,,,,,,,,,,,,,,,15.18,,,,,,,,,,,,0.0,0.0,0.0,,,
2020-11-01,16.06,15.68,16.35,17.61,3.14707771,3.49834983,2.63653484,2.50291036,32.28995058,34.01709402,31.11467522,24.98225692,,,,,,,,,4874.0,7314783.5,46761.0,4700.0,922113.6,4700.0,,,,,,9574.0,8236897.1,51461.0,,,
2020-11-06,,,,,,,,,,,,,,,,,,,,15.57,,,,,,,,,,,,0.0,0.0,0.0,,,
2020-11-13,,,,,,,,,,,,,,,,,,,,15.5,,,,,,,,,,,,0.0,0.0,0.0,,,
2020-11-20,,,,,,,,,,,,,,,,,,,,15.53,,,,,,,,,,,,0.0,0.0,0.0,,,
2020-11-27,,,,,,,,,,,,,,,,,,,,16.1,,,,,,,,,,,,0.0,0.0,0.0,,,
2020-12-01,16.23,15.8,16.57,17.83,1.05853051,0.76530612,1.34556575,1.24929018,32.05858421,33.10867734,31.61239079,26.00706714,,,,,,,,,8867.0,15195757.9,93698.0,6577.0,1287691.5,6577.0,,,,,,15444.0,16483449.4,100275.0,,,
2020-12-04,,,,,,,,,,,,,,,,,,,,17.49,,,,,,,,,,,,0.0,0.0,0.0,,,
2020-12-11,,,,,,,,,,,,,,,,,,,,17.88,,,,,,,,,,,,0.0,0.0,0.0,,,
2020-12-18,,,,,,,,,,,,,,,,,,,,18.71,,,,,,,,,,,,0.0,0.0,0.0,,,
2020-12-25,,,,,,,,,,,,,,,,,,,,18.69,,,,,,,,,,,,0.0,0.0,0.0,,,
2021-01-01,16.49,15.87,16.92,18.08,1.60197166,0.44303797,2.11225106,1.40213124,30.76923077,29.12937347,30.85846868,26.34521314,4144.9,16.0,,,,,,18.61,4380.0,6134351.3,40844.0,3366.0,671340.7,3366.0,,,,,,7746.0,6805692.0,44210.0,,,259.0
2021-01-08,,,,,,,,,,,,,,,,,,,,18.61,,,,,,,,,,,,0.0,0.0,0.0,,,
2021-01-15,,,,,,,,,,,,,,,,,,,,18.4,,,,,,,,,,,,0.0,0.0,0.0,,,
2021-01-22,,,,,,,,,,,,,,,,,,,,18.19,,,,,,,,,,,,0.0,0.0,0.0,,,
2021-01-29,,,,,,,,,,,,,,,,,,,,18.13,,,,,,,,,,,,0.0,0.0,0.0,,,
2021-02-01,16.98,16.6,17.34,18.29,2.97149788,4.59987398,2.4822695,1.16150442,31.73002327,32.4820431,30.96676737,25.2739726,,,,,,,,,4840.0,6364498.9,42467.0,3651.0,720522.9,3651.0,,,,,,8491.0,7085021.800000001,46118.0,,,
2021-02-05,,,,,,,,,,,,,,,,,,,,18.12,,,,,,,,,,,,0.0,0.0,0.0,,,
2021-02-12,,,,,,,,,,,,,,,,,,,,18.04,,,,,,,,,,,,0.0,0.0,0.0,,,
2021-02-19,,,,,,,,,,,,,,,,,,,,17.93,,,,,,,,,,,,0.0,0.0,0.0,,,
2021-02-26,,,,,,,,,,,,,,,,,,,,17.85,,,,,,,,,,,,0.0,0.0,0.0,,,
2021-03-01,17.32,17.24,17.63,18.67,2.00235571,3.85542169,1.67243368,2.07763805,31.9116527,34.26791277,30.78635015,25.55480834,,,,,,,,,8619.0,13009093.1,82682.0,5441.0,1087549.8,5441.0,,,,,,14060.0,14096642.9,88123.0,,,
2021-03-05,,,,,,,,,,,,,,,,,,,,17.76,,,,,,,,,,,,0.0,0.0,0.0,,,
2021-03-12,,,,,,,,,,,,,,,,,,,,17.66,,,,,,,,,,,,0.0,0.0,0.0,,,
2021-03-19,,,,,,,,,,,,,,,,,,,,17.64,,,,,,,,,,,,0.0,0.0,0.0,,,
2021-03-26,,,,,,,,,,,,,,,,,,,,17.88,,,,,,,,,,,,0.0,0.0,0.0,,,
2021-04-01,17.86,17.76,18.15,19.04,3.11778291,3.0162413,2.94951787,1.98178897,35.81749049,41.17647059,34.54410675,27.52846618,4490.7,17.27,,,,,,,5881.0,9216984.1,58016.0,4455.0,935850.2,4455.0,,,,,,10336.0,10152834.299999999,62471.0,,,260.0
2021-04-02,,,,,,,,,,,,,,,,,,,,18.18,,,,,,,,,,,,0.0,0.0,0.0,,,
2021-04-09,,,,,,,,,,,,,,,,,,,,18.22,,,,,,,,,,,,0.0,0.0,0.0,,,
2021-04-16,,,,,,,,,,,,,,,,,,,,18.1,,,,,,,,,,,,0.0,0.0,0.0,,,
2021-04-23,,,,,,,,,,,,,,,,,,,,18.11,,,,,,,,,,,,0.0,0.0,0.0,,,
2021-04-30,,,,,,,,,,,,,,,,,,,,18.06,,,,,,,,,,,,0.0,0.0,0.0,,,
2021-05-01,18.27,18.13,18.49,19.58,2.2956327,2.08333333,1.87327824,2.83613445,36.34328358,39.24731183,34.96350365,29.4973545,,,,,,,,,3354.0,5624183.4,35872.0,2859.0,587785.9,2859.0,,,,,,6213.0,6211969.300000001,38731.0,,,
2021-05-07,,,,,,,,,,,,,,,,,,,,18.03,,,,,,,,,,,,0.0,0.0,0.0,,,
2021-05-14,,,,,,,,,,,,,,,,,,,,17.67,,,,,,,,,,,,0.0,0.0,0.0,,,
2021-05-21,,,,,,,,,,,,,,,,,,,,17.85,,,,,,,,,,,,0.0,0.0,0.0,,,
2021-05-28,,,,,,,,,,,,,,,,,,,,17.79,,,,,,,,,,,,0.0,0.0,0.0,,,
2021-06-01,18.76,18.88,18.97,20.04,2.68199234,4.13678985,2.59599784,2.34933606,31.00558659,35.34050179,29.1354663,26.75521822,,,,,,,,,5730.0,8535944.0,54176.0,5246.0,1098937.3,5246.0,,,,,,10976.0,9634881.3,59422.0,,,
2021-06-04,,,,,,,,,,,,,,,,,,,,17.88,,,,,,,,,,,,0.0,0.0,0.0,,,
2021-06-11,,,,,,,,,,,,,,,,,,,,17.91,,,,,,,,,,,,0.0,0.0,0.0,,,
2021-06-18,,,,,,,,,,,,,,,,,,,,17.81,,,,,,,,,,,,0.0,0.0,0.0,,,
2021-06-25,,,,,,,,,,,,,,,,,,,,18.0,,,,,,,,,,,,0.0,0.0,0.0,,,
2021-07-01,19.41,19.53,19.64,20.7,3.46481876,3.44279661,3.53189246,3.29341317,30.70707071,34.96890117,28.95600788,27.14987715,4895.0,18.85,,,,,,,4342.0,7094490.5,44919.0,4167.0,854289.0,4167.0,,,,,,8509.0,7948779.5,49086.0,,,260.0
2021-07-02,,,,,,,,,,,,,,,,,,,,17.96,,,,,,,,,,,,0.0,0.0,0.0,,,
2021-07-09,,,,,,,,,,,,,,,,,,,,17.97,,,,,,,,,,,,0.0,0.0,0.0,,,
2021-07-16,,,,,,,,,,,,,,,,,,,,17.96,,,,,,,,,,,,0.0,0.0,0.0,,,
2021-07-23,,,,,,,,,,,,,,,,,,,,17.84,,,,,,,,,,,,0.0,0.0,0.0,,,
2021-07-30,,,,,,,,,,,,,,,,,,,,17.94,,,,,,,,,,,,0.0,0.0,0.0,,,
2021-08-01,19.99,20.36,20.11,21.23,2.98815044,4.24987199,2.39307536,2.56038647,32.73572377,40.12388162,30.1618123,28.04583836,,,,,,,,,4412.0,7266366.0,45605.0,4430.0,966722.3,4430.0,,,,,,8842.0,8233088.3,50035.0,,,
2021-08-06,,,,,,,,,,,,,,,,,,,,17.88,,,,,,,,,,,,0.0,0.0,0.0,,,
2021-08-13,,,,,,,,,,,,,,,,,,,,17.89,,,,,,,,,,,,0.0,0.0,0.0,,,
2021-08-20,,,,,,,,,,,,,,,,,,,,17.88,,,,,,,,,,,,0.0,0.0,0.0,,,
2021-08-27,,,,,,,,,,,,,,,,,,,,17.8,,,,,,,,,,,,0.0,0.0,0.0,,,
2021-09-01,20.77,20.99,20.89,22.24,3.90195098,3.09430255,3.87866733,4.75741875,36.37557452,42.49830278,33.73879641,32.1449792,,,,,,,,,4835.0,7829381.3,48659.0,5263.0,1196606.5,5263.0,,,,,,10098.0,9025987.8,53922.0,,,
2021-09-03,,,,,,,,,,,,,,,,,,,,17.88,,,,,,,,,,,,0.0,0.0,0.0,,,
2021-09-10,,,,,,,,,,,,,,,,,,,,17.9,,,,,,,,,,,,0.0,0.0,0.0,,,
2021-09-17,,,,,,,,,,,,,,,,,,,,17.89,,,,,,,,,,,,0.0,0.0,0.0,,,
2021-09-24,,,,,,,,,,,,,,,,,,,,17.91,,,,,,,,,,,,0.0,0.0,0.0,,,
2021-10-01,21.65,21.94,21.76,23.19,4.23688012,4.52596475,4.16467209,4.27158273,39.04945408,44.81848185,36.59761456,34.98253783,5936.2,22.52,,,,,,17.83,4858.0,8242466.5,50676.0,5381.0,1242492.5,5381.0,,,,,,10239.0,9484959.0,56057.0,,,264.0
2021-10-08,,,,,,,,,,,,,,,,,,,,17.89,,,,,,,,,,,,0.0,0.0,0.0,,,
2021-10-15,,,,,,,,,,,,,,,,,,,,17.9,,,,,,,,,,,,0.0,0.0,0.0,,,
2021-10-22,,,,,,,,,,,,,,,,,,,,17.95,,,,,,,,,,,,0.0,0.0,0.0,,,
2021-10-29,,,,,,,,,,,,,,,,,,,,17.53,,,,,,,,,,,,0.0,0.0,0.0,,,
2021-11-01,23.22,23.44,23.31,24.77,7.2517321,6.83682771,7.12316176,6.81328159,44.58281445,49.48979592,42.56880734,40.65871664,,,,,,,,,5251.0,8969779.4,54335.0,5368.0,1184629.9,5368.0,,,,,,10619.0,10154409.3,59703.0,,,
2021-11-05,,,,,,,,,,,,,,,,,,,,17.23,,,,,,,,,,,,0.0,0.0,0.0,,,
2021-11-12,,,,,,,,,,,,,,,,,,,,17.14,,,,,,,,,,,,0.0,0.0,0.0,,,
2021-11-19,,,,,,,,,,,,,,,,,,,,17.08,,,,,,,,,,,,0.0,0.0,0.0,,,
2021-11-26,,,,,,,,,,,,,,,,,,,,16.94,,,,,,,,,,,,0.0,0.0,0.0,,,
2021-12-01,26.54,26.94,26.48,27.37,14.29801895,14.93174061,13.5993136,10.49656843,63.52433765,70.50632911,59.8068799,53.5053281,,,,,,,,,10450.0,19891925.5,123915.0,8153.0,1947494.2,8153.0,,,,,,18603.0,21839419.7,132068.0,,,
2021-12-03,,,,,,,,,,,,,,,,,,,,17.03,,,,,,,,,,,,0.0,0.0,0.0,,,
2021-12-10,,,,,,,,,,,,,,,,,,,,17.17,,,,,,,,,,,,0.0,0.0,0.0,,,
2021-12-17,,,,,,,,,,,,,,,,,,,,17.27,,,,,,,,,,,,0.0,0.0,0.0,,,
2021-12-24,,,,,,,,,,,,,,,,,,,,17.59,,,,,,,,,,,,0.0,0.0,0.0,,,
2021-12-31,,,,,,,,,,,,,,,,,,,,17.48,,,,,,,,,,,,0.0,0.0,0.0,,,
2022-01-01,29.95,30.01,29.86,30.18,12.84853052,11.39569414,12.76435045,10.26671538,81.62522741,89.0989288,76.47754137,66.92477876,8518.1,29.67,,,,,,,3036.0,5174099.7,31517.0,3298.0,691231.9,3298.0,,,,,,6334.0,5865331.600000001,34815.0,,,287.0
2022-01-07,,,,,,,,,,,,,,,,,,,,18.58,,,,,,,,,,,,0.0,0.0,0.0,,,
2022-01-14,,,,,,,,,,,,,,,,,,,,18.28,,,,,,,,,,,,0.0,0.0,0.0,,,
2022-01-21,,,,,,,,,,,,,,,,,,,,18.18,,,,,,,,,,,,0.0,0.0,0.0,,,
2022-01-28,,,,,,,,,,,,,,,,,,,,17.94,,,,,,,,,,,,0.0,0.0,0.0,,,
2022-02-01,32.3,32.24,32.29,31.71,7.84641068,7.43085638,8.13797723,5.0695825,90.2237927,94.21686747,86.21683968,73.3734281,,,,,,,,,3541.0,5714406.1,36546.0,3386.0,737021.6,3386.0,,,,,,6927.0,6451427.699999999,39932.0,,,
2022-02-04,,,,,,,,,,,,,,,,,,,,17.52,,,,,,,,,,,,0.0,0.0,0.0,,,
2022-02-11,,,,,,,,,,,,,,,,,,,,18.02,,,,,,,,,,,,0.0,0.0,0.0,,,
2022-02-18,,,,,,,,,,,,,,,,,,,,17.87,,,,,,,,,,,,0.0,0.0,0.0,,,
2022-02-25,,,,,,,,,,,,,,,,,,,,17.78,,,,,,,,,,,,0.0,0.0,0.0,,,
2022-03-01,35.39,35.05,35.4,33.81,9.56656347,8.71588089,9.63146485,6.62251656,104.33025404,103.3062645,100.79410096,81.09266202,,,,,,,,,5035.0,9162832.3,58895.0,4925.0,1056399.8,4925.0,,,,,,9960.0,10219232.100000001,63820.0,,,
2022-03-04,,,,,,,,,,,,,,,,,,,,17.77,,,,,,,,,,,,0.0,0.0,0.0,,,
2022-03-11,,,,,,,,,,,,,,,,,,,,17.7,,,,,,,,,,,,0.0,0.0,0.0,,,
2022-03-18,,,,,,,,,,,,,,,,,,,,18.27,,,,,,,,,,,,0.0,0.0,0.0,,,
2022-03-25,,,,,,,,,,,,,,,,,,,,18.13,,,,,,,,,,,,0.0,0.0,0.0,,,
2022-04-01,39.44,38.92,39.49,37.11,11.44391071,11.04136947,11.55367232,9.76042591,120.82866741,119.14414414,117.57575758,94.90546218,11805.9,38.16,,,,,,17.96,3931.0,6383215.5,40611.0,4812.0,1004416.4,4812.0,,,,,,8743.0,7387631.9,45423.0,,,309.0
2022-04-08,,,,,,,,,,,,,,,,,,,,18.09,,,,,,,,,,,,0.0,0.0,0.0,,,
2022-04-15,,,,,,,,,,,,,,,,,,,,18.25,,,,,,,,,,,,0.0,0.0,0.0,,,
2022-04-22,,,,,,,,,,,,,,,,,,,,18.42,,,,,,,,,,,,0.0,0.0,0.0,,,
2022-04-29,,,,,,,,,,,,,,,,,,,,18.47,,,,,,,,,,,,0.0,0.0,0.0,,,
2022-05-01,44.56,44.83,44.5,41.21,12.98174442,15.18499486,12.68675614,11.04823498,143.89709907,147.2697187,140.67063277,110.46986721,,,,,,,,,3498.0,5484456.7,37028.0,3656.0,779017.4,3656.0,,,,,,7154.0,6263474.100000001,40684.0,,,
2022-05-06,,,,,,,,,,,,,,,,,,,,18.33,,,,,,,,,,,,0.0,0.0,0.0,,,
2022-05-13,,,,,,,,,,,,,,,,,,,,18.55,,,,,,,,,,,,0.0,0.0,0.0,,,
2022-05-20,,,,,,,,,,,,,,,,,,,,18.4,,,,,,,,,,,,0.0,0.0,0.0,,,
2022-05-27,,,,,,,,,,,,,,,,,,,,18.4,,,,,,,,,,,,0.0,0.0,0.0,,,
2022-06-01,49.53,48.78,49.55,44.65,11.1535009,8.81106402,11.34831461,8.34748847,164.01918977,158.36864407,161.20189773,122.80439122,,,,,,,,,5150.0,8254749.9,58288.0,5119.0,1112881.4,5119.0,,,,,,10269.0,9367631.3,63407.0,,,
2022-06-03,,,,,,,,,,,,,,,,,,,,18.25,,,,,,,,,,,,0.0,0.0,0.0,,,
2022-06-10,,,,,,,,,,,,,,,,,,,,17.92,,,,,,,,,,,,0.0,0.0,0.0,,,
2022-06-17,,,,,,,,,,,,,,,,,,,,18.3,,,,,,,,,,,,0.0,0.0,0.0,,,
2022-06-24,,,,,,,,,,,,,,,,,,,,18.24,,,,,,,,,,,,0.0,0.0,0.0,,,
2022-07-01,53.04,51.84,53.28,47.63,7.08661417,6.27306273,7.52774975,6.67413214,173.26120556,165.43778802,171.28309572,130.09661836,14848.3,48.35,,,,,,18.67,3222.0,5141911.4,34625.0,3229.0,677874.4,3229.0,,,,,,6451.0,5819785.800000001,37854.0,,,307.0
2022-07-08,,,,,,,,,,,,,,,,,,,,18.35,,,,,,,,,,,,0.0,0.0,0.0,,,
2022-07-15,,,,,,,,,,,,,,,,,,,,17.53,,,,,,,,,,,,0.0,0.0,0.0,,,
2022-07-22,,,,,,,,,,,,,,,,,,,,18.52,,,,,,,,,,,,0.0,0.0,0.0,,,
2022-07-29,,,,,,,,,,,,,,,,,,,,18.45,,,,,,,,,,,,0.0,0.0,0.0,,,
2022-08-01,56.26,54.59,56.54,50.46,6.07088989,5.30478395,6.11861862,5.94163342,181.44072036,168.1237721,181.1536549,137.68252473,,,,,,,,,4599.0,7347228.3,48460.0,4806.0,1020176.9,4806.0,,,,,,9405.0,8367405.2,53266.0,,,
2022-08-05,,,,,,,,,,,,,,,,,,,,18.66,,,,,,,,,,,,0.0,0.0,0.0,,,
2022-08-12,,,,,,,,,,,,,,,,,,,,18.58,,,,,,,,,,,,0.0,0.0,0.0,,,
2022-08-19,,,,,,,,,,,,,,,,,,,,18.41,,,,,,,,,,,,0.0,0.0,0.0,,,
2022-08-26,,,,,,,,,,,,,,,,,,,,18.79,,,,,,,,,,,,0.0,0.0,0.0,,,
2022-09-01,59.48,57.57,59.9,54.02,5.72342695,5.45887525,5.94269544,7.05509314,186.37457872,174.27346355,186.74006702,142.89568345,,,,,,,,,5251.0,8374564.5,54926.0,4636.0,1065461.3,4636.0,,,,,,9887.0,9440025.8,59562.0,,,
2022-09-02,,,,,,,,,,,,,,,,,,,,18.96,,,,,,,,,,,,0.0,0.0,0.0,,,
2022-09-09,,,,,,,,,,,,,,,,,,,,19.72,,,,,,,,,,,,0.0,0.0,0.0,,,
2022-09-16,,,,,,,,,,,,,,,,,,,,20.74,,,,,,,,,,,,0.0,0.0,0.0,,,
2022-09-23,,,,,,,,,,,,,,,,,,,,21.45,,,,,,,,,,,,0.0,0.0,0.0,,,
2022-09-30,,,,,,,,,,,,,,,,,,,,20.42,,,,,,,,,,,,0.0,0.0,0.0,,,
2022-10-01,62.09,59.92,62.52,56.43,4.38802959,4.08198715,4.37395659,4.46131063,186.78983834,173.10847767,187.31617647,143.33764554,16728.8,56.39,,,,,,,4639.0,7486302.9,51524.0,4853.0,1089400.6,4853.0,,,,,,9492.0,8575703.5,56377.0,,,297.0
2022-10-07,,,,,,,,,,,,,,,,,,,,20.82,,,,,,,,,,,,0.0,0.0,0.0,,,
2022-10-14,,,,,,,,,,,,,,,,,,,,20.97,,,,,,,,,,,,0.0,0.0,0.0,,,
2022-10-21,,,,,,,,,,,,,,,,,,,,20.74,,,,,,,,,,,,0.0,0.0,0.0,,,
2022-10-28,,,,,,,,,,,,,,,,,,,,21.4,,,,,,,,,,,,0.0,0.0,0.0,,,
2022-11-01,64.2,62.61,64.59,58.94,3.3982928,4.48931909,3.3109405,4.44798866,176.48578811,167.10750853,177.09137709,137.94913201,,,,,,,,,5383.0,9199512.7,61737.0,4801.0,1065914.1,4801.0,,,,,,10184.0,10265426.799999999,66538.0,,,
2022-11-04,,,,,,,,,,,,,,,,,,,,21.56,,,,,,,,,,,,0.0,0.0,0.0,,,
2022-11-11,,,,,,,,,,,,,,,,,,,,21.73,,,,,,,,,,,,0.0,0.0,0.0,,,
2022-11-18,,,,,,,,,,,,,,,,,,,,21.56,,,,,,,,,,,,0.0,0.0,0.0,,,
2022-11-25,,,,,,,,,,,,,,,,,,,,21.45,,,,,,,,,,,,0.0,0.0,0.0,,,
2022-12-01,66.85,64.86,67.3,60.89,4.12772586,3.59367513,4.19569593,3.30844927,151.88394876,140.75723831,154.15407855,122.46985751,,,,,,,,,11296.0,22358165.7,148455.0,8434.0,2078405.8,8434.0,,,,,,19730.0,24436571.5,156889.0,,,
2022-12-02,,,,,,,,,,,,,,,,,,,,20.65,,,,,,,,,,,,0.0,0.0,0.0,,,
2022-12-09,,,,,,,,,,,,,,,,,,,,20.58,,,,,,,,,,,,0.0,0.0,0.0,,,
2022-12-16,,,,,,,,,,,,,,,,,,,,20.7,,,,,,,,,,,,0.0,0.0,0.0,,,
2022-12-23,,,,,,,,,,,,,,,,,,,,20.92,,,,,,,,,,,,0.0,0.0,0.0,,,
2022-12-30,,,,,,,,,,,,,,,,,,,,19.97,,,,,,,,,,,,0.0,0.0,0.0,,,
2023-01-01,73.88,73.28,73.82,67.15,10.51608078,12.98180697,9.68796434,10.28083429,146.67779633,144.18527158,147.22036169,122.49834327,20784.9,69.2,,,,,,,3908.0,6521973.7,44672.0,4189.0,1231457.7,4189.0,,,,,,8097.0,7753431.4,48861.0,,,300.0
2023-01-06,,,,,,,,,,,,,,,,,,,,21.32,,,,,,,,,,,,0.0,0.0,0.0,,,
2023-01-13,,,,,,,,,,,,,,,,,,,,21.64,,,,,,,,,,,,0.0,0.0,0.0,,,
2023-01-20,,,,,,,,,,,,,,,,,,,,22.53,,,,,,,,,,,,0.0,0.0,0.0,,,
2023-01-27,,,,,,,,,,,,,,,,,,,,21.11,,,,,,,,,,,,0.0,0.0,0.0,,,
2023-02-01,78.4,76.52,78.69,70.6,6.11802924,4.42139738,6.59712815,5.1377513,142.7244582,137.34491315,143.69773924,122.64269946,,,,,,,,,2927.0,4623749.1,33472.0,2568.0,551159.1,2568.0,,,,,,5495.0,5174908.199999999,36040.0,,,
2023-02-03,,,,,,,,,,,,,,,,,,,,21.07,,,,,,,,,,,,0.0,0.0,0.0,,,
2023-02-10,,,,,,,,,,,,,,,,,,,,21.27,,,,,,,,,,,,0.0,0.0,0.0,,,
2023-02-17,,,,,,,,,,,,,,,,,,,,20.92,,,,,,,,,,,,0.0,0.0,0.0,,,
2023-02-24,,,,,,,,,,,,,,,,,,,,20.79,,,,,,,,,,,,0.0,0.0,0.0,,,
2023-03-01,84.68,84.58,84.82,76.73,8.01020408,10.53319394,7.79006227,8.68271955,139.27663182,141.31241084,139.60451977,126.94469092,,,,,,,,,3937.0,6228426.5,45490.0,3525.0,763148.4,3525.0,,,,,,7462.0,6991574.9,49015.0,,,
2023-03-03,,,,,,,,,,,,,,,,,,,,19.34,,,,,,,,,,,,0.0,0.0,0.0,,,
2023-03-10,,,,,,,,,,,,,,,,,,,,17.17,,,,,,,,,,,,0.0,0.0,0.0,,,
2023-03-17,,,,,,,,,,,,,,,,,,,,16.5,,,,,,,,,,,,0.0,0.0,0.0,,,
2023-03-24,,,,,,,,,,,,,,,,,,,,17.23,,,,,,,,,,,,0.0,0.0,0.0,,,
2023-03-31,,,,,,,,,,,,,,,,,,,,17.79,,,,,,,,,,,,0.0,0.0,0.0,,,
2023-04-01,87.55,87.98,87.45,81.28,3.38923004,4.01986285,3.1006838,5.92988401,121.98275862,126.05344296,121.44846797,119.02452169,23935.0,82.53,,,,,,,4176.0,7919957.9,53302.0,3694.0,810748.2,3694.0,,,,,,7870.0,8730706.1,56996.0,,,290.0
2023-04-07,,,,,,,,,,,,,,,,,,,,18.36,,,,,,,,,,,,0.0,0.0,0.0,,,
2023-04-14,,,,,,,,,,,,,,,,,,,,18.2,,,,,,,,,,,,0.0,0.0,0.0,,,
2023-04-21,,,,,,,,,,,,,,,,,,,,19.05,,,,,,,,,,,,0.0,0.0,0.0,,,
2023-04-28,,,,,,,,,,,,,,,,,,,,18.74,,,,,,,,,,,,0.0,0.0,0.0,,,
2023-05-01,91.12,90.68,91.4,86.01,4.0776699,3.06887929,4.51686678,5.81938976,104.48833034,102.2752621,105.39325843,108.7114778,,,,,,,,,5232.0,8995428.2,63417.0,4878.0,1082181.3,4878.0,,,,,,10110.0,10077609.5,68295.0,,,
2023-05-05,,,,,,,,,,,,,,,,,,,,18.7,,,,,,,,,,,,0.0,0.0,0.0,,,
2023-05-12,,,,,,,,,,,,,,,,,,,,18.22,,,,,,,,,,,,0.0,0.0,0.0,,,
2023-05-19,,,,,,,,,,,,,,,,,,,,17.99,,,,,,,,,,,,0.0,0.0,0.0,,,
2023-05-26,,,,,,,,,,,,,,,,,,,,19.34,,,,,,,,,,,,0.0,0.0,0.0,,,
2023-06-01,95.66,94.76,95.89,93.45,4.98244074,4.49933833,4.91247265,8.65015696,93.13547345,94.2599426,93.52169526,109.29451288,,,,,,,,,5535.0,10831288.5,73628.0,4752.0,1019766.4,4752.0,,,,,,10287.0,11851054.9,78380.0,,,
2023-06-02,,,,,,,,,,,,,,,,,,,,18.05,,,,,,,,,,,,0.0,0.0,0.0,,,
2023-06-09,,,,,,,,,,,,,,,,,,,,18.14,,,,,,,,,,,,0.0,0.0,0.0,,,
2023-06-16,,,,,,,,,,,,,,,,,,,,21.85,,,,,,,,,,,,0.0,0.0,0.0,,,
2023-06-23,,,,,,,,,,,,,,,,,,,,23.98,,,,,,,,,,,,0.0,0.0,0.0,,,
2023-06-30,,,,,,,,,,,,,,,,,,,,24.45,,,,,,,,,,,,0.0,0.0,0.0,,,
2023-07-01,101.87,101.15,101.92,102.84,6.49174158,6.74335163,6.28845552,10.04815409,92.06259427,95.11959877,91.29129129,115.9143397,28149.0,103.28,,,,,,,5143.0,8550976.7,61093.0,5065.0,1138104.7,5065.0,,,,,,10208.0,9689081.399999999,66158.0,,,273.0
2023-07-07,,,,,,,,,,,,,,,,,,,,28.3,,,,,,,,,,,,0.0,0.0,0.0,,,
2023-07-14,,,,,,,,,,,,,,,,,,,,32.58,,,,,,,,,,,,0.0,0.0,0.0,,,
2023-07-21,,,,,,,,,,,,,,,,,,,,34.09,,,,,,,,,,,,0.0,0.0,0.0,,,
2023-07-28,,,,,,,,,,,,,,,,,,,,33.99,,,,,,,,,,,,0.0,0.0,0.0,,,
2023-08-01,108.97,109.21,108.95,113.18,6.96966722,7.96836382,6.89756672,10.05445352,93.69001066,100.05495512,92.69543686,124.29647245,,,,,,,,,5988.0,10301486.4,73577.0,5874.0,1289423.2,5874.0,,,,,,11862.0,11590909.6,79451.0,,,
2023-08-04,,,,,,,,,,,,,,,,,,,,35.1,,,,,,,,,,,,0.0,0.0,0.0,,,
2023-08-11,,,,,,,,,,,,,,,,,,,,36.45,,,,,,,,,,,,0.0,0.0,0.0,,,
2023-08-18,,,,,,,,,,,,,,,,,,,,36.4,,,,,,,,,,,,0.0,0.0,0.0,,,
2023-08-25,,,,,,,,,,,,,,,,,,,,36.93,,,,,,,,,,,,0.0,0.0,0.0,,,
2023-09-01,116.18,116.93,116.12,121.42,6.61649995,7.06894973,6.58100046,7.28043824,95.32616005,103.10925829,93.85642738,124.76860422,,,,,,,,35.69,5919.0,10511001.4,73397.0,5525.0,1241975.6,5525.0,,,,,,11444.0,11752977.0,78922.0,,,
2023-09-08,,,,,,,,,,,,,,,,,,,,38.85,,,,,,,,,,,,0.0,0.0,0.0,,,
2023-09-15,,,,,,,,,,,,,,,,,,,,41.69,,,,,,,,,,,,0.0,0.0,0.0,,,
2023-09-22,,,,,,,,,,,,,,,,,,,,42.79,,,,,,,,,,,,0.0,0.0,0.0,,,
2023-09-29,,,,,,,,,,,,,,,,,,,,42.21,,,,,,,,,,,,0.0,0.0,0.0,,,
2023-10-01,119.18,120.16,119.1,126.15,2.58220003,2.76233644,2.56631071,3.8955691,91.94717346,100.53404539,90.49904031,123.5513025,30943.0,117.63,,,,,,,6050.0,9426891.1,68535.0,5432.0,1193126.5,5432.0,,,,,,11482.0,10620017.6,73967.0,,,263.0
2023-10-06,,,,,,,,,,,,,,,,,,,,41.66,,,,,,,,,,,,0.0,0.0,0.0,,,
2023-10-13,,,,,,,,,,,,,,,,,,,,41.52,,,,,,,,,,,,0.0,0.0,0.0,,,
2023-10-20,,,,,,,,,,,,,,,,,,,,41.46,,,,,,,,,,,,0.0,0.0,0.0,,,
2023-10-27,,,,,,,,,,,,,,,,,,,,41.47,,,,,,,,,,,,0.0,0.0,0.0,,,
2023-11-01,120.07,120.66,119.64,128.95,0.74676959,0.41611185,0.4534005,2.21957987,87.02492212,92.7168184,85.22991175,118.78181201,,,,,,,,,5942.0,9995069.8,71382.0,5251.0,1158627.4,5251.0,,,,,,11193.0,11153697.200000001,76633.0,,,
2023-11-03,,,,,,,,,,,,,,,,,,,,41.67,,,,,,,,,,,,0.0,0.0,0.0,,,
2023-11-10,,,,,,,,,,,,,,,,,,,,41.71,,,,,,,,,,,,0.0,0.0,0.0,,,
2023-11-17,,,,,,,,,,,,,,,,,,,,42.37,,,,,,,,,,,,0.0,0.0,0.0,,,
2023-11-24,,,,,,,,,,,,,,,,,,,,42.85,,,,,,,,,,,,0.0,0.0,0.0,,,
2023-12-01,122.43,124.09,122.21,132.24,1.96552011,2.84269849,2.148111,2.5513765,83.14136126,91.31976565,81.58989599,117.17851864,,,,,,,,42.56,13976.0,29121863.9,198837.0,9735.0,2253971.2,9735.0,,,,,,23711.0,31375835.099999998,208572.0,,,
2023-12-08,,,,,,,,,,,,,,,,,,,,42.58,,,,,,,,,,,,0.0,0.0,0.0,,,
2023-12-15,,,,,,,,,,,,,,,,,,,,41.96,,,,,,,,,,,,0.0,0.0,0.0,,,
2023-12-22,,,,,,,,,,,,,,,,,,,,41.84,,,,,,,,,,,,0.0,0.0,0.0,,,
2023-12-29,,,,,,,,,,,,,,,,,,,,41.5,,,,,,,,,,,,0.0,0.0,0.0,,,
2024-01-01,125.71,125.32,125.66,138.17,2.67908192,0.99121605,2.82300957,4.48427102,70.15430428,71.01528384,70.22487131,105.76321668,30511.1,122.28,,,,,,,3192.0,5151757.2,37374.0,2780.0,541516.4,2780.0,,17.3,4.7,,,5972.0,5693273.600000001,40154.0,,,250.0
2024-01-05,,,,,,,,,,,,,,,,,,,,42.1,,,,,,,,,,,,0.0,0.0,0.0,,,
2024-01-12,,,,,,,,,,,,,,,,,,,,41.62,,,,,,,,,,,,0.0,0.0,0.0,,,
2024-01-19,,,,,,,,,,,,,,,,,,,,41.38,,,,,,,,,,,,0.0,0.0,0.0,,,
2024-01-26,,,,,,,,,,,,,,,,,,,,41.21,,,,,,,,,,,,0.0,0.0,0.0,,,
2024-02-01,129.87,127.77,129.56,144.47,3.30920372,1.95499521,3.10361292,4.55960049,65.6505102,66.975954,64.64607955,104.63172805,,,99558.0,9387.0,31549.0,68009.0,,,4851.0,8030152.0,57894.0,3812.0,795662.9,3812.0,70.05,24.3,2.8,,,8663.0,8825814.9,61706.0,9.4,31.7,
2024-02-02,,,,,,,,,,,,,,,,,,,,41.03,,,,,,,,,,,,0.0,0.0,0.0,,,
2024-02-09,,,,,,,,,,,,,,,,,,,,40.89,,,,,,,,,,,,0.0,0.0,0.0,,,
2024-02-16,,,,,,,,,,,,,,,,,,,,40.95,,,,,,,,,,,,0.0,0.0,0.0,,,
2024-02-23,,,,,,,,,,,,,,,,,,,,40.99,,,,,,,,,,,,0.0,0.0,0.0,,,
2024-03-01,131.49,131.21,131.33,147.68,1.24740125,2.69233779,1.3661624,2.22191458,55.27869627,55.1312367,54.83376562,92.4670924,,,111345.0,13671.0,37308.0,74037.0,,40.88,7043.0,14225545.7,99019.0,5814.0,1290399.4,5814.0,69.98,18.1,-0.4,88.55436727059441,,12857.0,15515945.1,104833.0,12.3,33.5,
2024-03-08,,,,,,,,,,,,,,,,,,,,41.32,,,,,,,,,,,,0.0,0.0,0.0,,,
2024-03-15,,,,,,,,,,,,,,,,,,,,42.65,,,,,,,,,,,,0.0,0.0,0.0,,,
2024-03-22,,,,,,,,,,,,,,,,,,,,43.13,,,,,,,,,,,,0.0,0.0,0.0,,,
2024-03-29,,,,,,,,,,,,,,,,,,,,43.53,,,,,,,,,,,,0.0,0.0,0.0,,,
2024-04-01,132.7,133.47,132.54,152.22,0.92022207,1.72242969,0.92134318,3.07421452,51.57053113,51.70493294,51.56089194,87.27854331,32433.5,134.56,80276.0,7482.0,26237.0,54039.0,,,3757.0,6645524.6,45528.0,2876.0,622824.8,2876.0,71.8,13.2,-1.2,88.56328591316465,,6633.0,7268349.399999999,48404.0,9.3,32.7,241.0
2024-04-05,,,,,,,,,,,,,,,,,,,,45.14,,,,,,,,,,,,0.0,0.0,0.0,,,
2024-04-12,,,,,,,,,,,,,,,,,,,,44.1,,,,,,,,,,,,0.0,0.0,0.0,,,
2024-04-19,,,,,,,,,,,,,,,,,,,,44.94,,,,,,,,,,,,0.0,0.0,0.0,,,
2024-04-26,,,,,,,,,,,,,,,,,,,,44.7,,,,,,,,,,,,0.0,0.0,0.0,,,
2024-05-01,137.9,138.43,137.43,160.11,3.91861341,3.7161909,3.68945224,5.18328735,51.33889377,52.6576974,50.36105033,86.15277293,,,118926.0,10828.0,40024.0,78902.0,,,4933.0,7836792.0,55992.0,4339.0,947849.1,4339.0,72.78,5.2,-4.0,88.31799673679339,,9272.0,8784641.1,60331.0,9.1,33.7,
2024-05-03,,,,,,,,,,,,,,,,,,,,44.02,,,,,,,,,,,,0.0,0.0,0.0,,,
2024-05-10,,,,,,,,,,,,,,,,,,,,44.66,,,,,,,,,,,,0.0,0.0,0.0,,,
2024-05-17,,,,,,,,,,,,,,,,,,,,44.88,,,,,,,,,,,,0.0,0.0,0.0,,,
2024-05-24,,,,,,,,,,,,,,,,,,,,44.93,,,,,,,,,,,,0.0,0.0,0.0,,,
2024-05-31,,,,,,,,,,,,,,,,,,,,44.98,,,,,,,,,,,,0.0,0.0,0.0,,,
2024-06-01,140.03,140.41,139.43,166.09,1.54459753,1.4303258,1.45528633,3.73493223,46.38302321,48.17433516,45.4061946,77.73140717,,,82924.0,7150.0,26958.0,55966.0,,,3622.0,5911278.8,41340.0,3297.0,689607.7,3297.0,66.12,3.3,-0.4,87.89688634333666,,6919.0,6600886.5,44637.0,8.6,32.5,
2024-06-07,,,,,,,,,,,,,,,,,,,,44.84,,,,,,,,,,,,0.0,0.0,0.0,,,
2024-06-14,,,,,,,,,,,,,,,,,,,,44.35,,,,,,,,,,,,0.0,0.0,0.0,,,
2024-06-21,,,,,,,,,,,,,,,,,,,,44.58,,,,,,,,,,,,0.0,0.0,0.0,,,
2024-06-28,,,,,,,,,,,,,,,,,,,,44.16,,,,,,,,,,,,0.0,0.0,0.0,,,
2024-07-01,141.33,139.86,141.31,171.64,0.92837249,-0.39170999,1.34834684,3.3415618,38.73564347,38.26989619,38.64795918,66.9000389,33892.0,150.75,132426.0,11990.0,43049.0,89377.0,,,4985.0,8097385.0,58264.0,4641.0,1006323.1,4641.0,46.35,8.9,2.1,87.06383858471105,,9626.0,9103708.1,62905.0,9.1,32.5,225.0
2024-07-05,,,,,,,,,,,,,,,,,,,,44.26,,,,,,,,,,,,0.0,0.0,0.0,,,
2024-07-12,,,,,,,,,,,,,,,,,,,,44.24,,,,,,,,,,,,0.0,0.0,0.0,,,
2024-07-19,,,,,,,,,,,,,,,,,,,,44.17,,,,,,,,,,,,0.0,0.0,0.0,,,
2024-07-26,,,,,,,,,,,,,,,,,,,,43.72,,,,,,,,,,,,0.0,0.0,0.0,,,
2024-08-01,146.5,148.32,145.68,182.96,3.65810514,6.04890605,3.09249168,6.59519925,34.44067174,35.81173885,33.71271225,61.65400247,,,139411.0,14117.0,44080.0,95331.0,,,4888.0,7684295.4,55065.0,4138.0,811796.7,4138.0,41.54,7.8,-1.4,88.01834563074425,,9026.0,8496092.1,59203.0,10.1,31.6,
2024-08-02,,,,,,,,,,,,,,,,,,,,43.64,,,,,,,,,,,,0.0,0.0,0.0,,,
2024-08-09,,,,,,,,,,,,,,,,,,,,43.48,,,,,,,,,,,,0.0,0.0,0.0,,,
2024-08-16,,,,,,,,,,,,,,,,,,,,43.56,,,,,,,,,,,,0.0,0.0,0.0,,,
2024-08-23,,,,,,,,,,,,,,,,,,,,43.49,,,,,,,,,,,,0.0,0.0,0.0,,,
2024-08-30,,,,,,,,,,,,,,,,,,,,43.48,,,,,,,,,,,,0.0,0.0,0.0,,,
2024-09-01,148.01,147.44,147.76,189.53,1.03071672,-0.59331176,1.42778693,3.59094884,27.39714237,26.09253399,27.24767482,56.09454785,,,146557.0,16507.0,47145.0,99412.0,,,4678.0,7747556.8,56437.0,4629.0,884273.3,4629.0,38.93,8.0,0.7,87.8029596597507,,9307.0,8631830.1,61066.0,11.3,32.2,
2024-09-06,,,,,,,,,,,,,,,,,,,,43.25,,,,,,,,,,,,0.0,0.0,0.0,,,
2024-09-13,,,,,,,,,,,,,,,,,,,,43.22,,,,,,,,,,,,0.0,0.0,0.0,,,
2024-09-20,,,,,,,,,,,,,,,,,,,,43.2,,,,,,,,,,,,0.0,0.0,0.0,,,
2024-09-27,,,,,,,,,,,,,,,,,,,,42.93,,,,,,,,,,,,0.0,0.0,0.0,,,
2024-10-01,151.08,151.9,150.46,198.0,2.07418418,3.02495931,1.82728749,4.46894951,26.76623595,26.41478029,26.33081444,56.95600476,36061.3,168.76,171619.0,21979.0,60513.0,111106.0,,,5316.0,9257969.0,66983.0,4685.0,931561.1,4685.0,37.94,3.3,-0.5,86.32765249107976,,10001.0,10189530.1,71668.0,12.8,35.3,214.0
2024-10-04,,,,,,,,,,,,,,,,,,,,41.76,,,,,,,,,,,,0.0,0.0,0.0,,,
2024-10-11,,,,,,,,,,,,,,,,,,,,41.61,,,,,,,,,,,,0.0,0.0,0.0,,,
2024-10-18,,,,,,,,,,,,,,,,,,,,41.41,,,,,,,,,,,,0.0,0.0,0.0,,,
2024-10-25,,,,,,,,,,,,,,,,,,,,41.29,,,,,,,,,,,,0.0,0.0,0.0,,,
2024-11-01,155.38,157.99,154.25,204.4,2.84617421,4.00921659,2.51894191,3.23232323,29.40784542,30.93817338,28.92845202,58.51105079,,,159805.0,22789.0,52168.0,107637.0,,41.36,5056.0,8729968.7,62639.0,4913.0,1011275.2,4913.0,35.93,7.4,3.7,87.8093978697617,,9969.0,9741243.899999999,67552.0,14.3,32.6,
2024-11-08,,,,,,,,,,,,,,,,,,,,41.33,,,,,,,,,,,,0.0,0.0,0.0,,,
2024-11-15,,,,,,,,,,,,,,,,,,,,40.88,,,,,,,,,,,,0.0,0.0,0.0,,,
2024-11-22,,,,,,,,,,,,,,,,,,,,41.28,,,,,,,,,,,,0.0,0.0,0.0,,,
2024-11-29,,,,,,,,,,,,,,,,,,,,41.33,,,,,,,,,,,,0.0,0.0,0.0,,,
2024-12-01,158.46,159.52,157.85,208.5,1.9822371,0.96841572,2.33387358,2.00587084,29.4290615,28.55185752,29.16291629,57.66787659,,,222112.0,24480.0,81219.0,140893.0,,,11762.0,22890139.2,160820.0,8495.0,1854967.1,8495.0,34.27,10.9,6.1,89.43989947467091,,20257.0,24745106.3,169315.0,11.0,36.6,
2024-12-06,,,,,,,,,,,,,,,,,,,,41.11,,,,,,,,,,,,0.0,0.0,0.0,,,
2024-12-13,,,,,,,,,,,,,,,,,,,,41.23,,,,,,,,,,,,0.0,0.0,0.0,,,
2024-12-20,,,,,,,,,,,,,,,,,,,,41.01,,,,,,,,,,,,0.0,0.0,0.0,,,
2024-12-27,,,,,,,,,,,,,,,,,,,,40.87,,,,,,,,,,,,0.0,0.0,0.0,,,
2025-01-01,165.88,167.39,165.45,218.73,4.68256973,4.93355065,4.8146975,4.90647482,31.95449845,33.57006064,31.6648098,58.30498661,37687.6,179.93,117025.0,17516.0,34783.0,82242.0,,,4427.0,7472887.0,52088.0,4094.0,763168.5,4094.0,26.61,8.7,1.2,91.7339009413603,,8521.0,8236055.5,56182.0,15.0,29.7,209.0
2025-01-03,,,,,,,,,,,,,,,,,,,,40.71,,,,,,,,,,,,0.0,0.0,0.0,,,
2025-01-10,,,,,,,,,,,,,,,,,,,,40.87,,,,,,,,,,,,0.0,0.0,0.0,,,
2025-01-17,,,,,,,,,,,,,,,,,,,,40.41,,,,,,,,,,,,0.0,0.0,0.0,,,
2025-01-24,,,,,,,,,,,,,,,,,,,,40.46,,,,,,,,,,,,0.0,0.0,0.0,,,
2025-01-31,,,,,,,,,,,,,,,,,,,,40.23,,,,,,,,,,,,0.0,0.0,0.0,,,
2025-02-01,170.55,170.56,170.06,222.34,2.81528816,1.89378099,2.78634028,1.65043661,31.32363132,33.4898646,31.25964804,53.90046376,,,117586.0,17593.0,35695.0,81891.0,,,3729.0,5615841.6,41239.0,3570.0,640946.5,3570.0,23.94,6.1,0.3,89.2870589435758,,7299.0,6256788.1,44809.0,15.0,30.4,
2025-02-07,,,,,,,,,,,,,,,,,,,,40.05,,,,,,,,,,,,0.0,0.0,0.0,,,
2025-02-14,,,,,,,,,,,,,,,,,,,,40.03,,,,,,,,,,,,0.0,0.0,0.0,,,
2025-02-21,,,,,,,,,,,,,,,,,,,,39.96,,,,,,,,,,,,0.0,0.0,0.0,,,
2025-02-28,,,,,,,,,,,,,,,,,,,,39.86,,,,,,,,,,,,0.0,0.0,0.0,,,
2025-03-01,173.88,175.08,173.2,226.3,1.9525066,2.65009381,1.84640715,1.78105604,32.23819302,33.4349516,31.88151984,53.23672806,,,115788.0,19109.0,35281.0,80507.0,,,5210.0,9134654.9,64365.0,3691.0,723543.7,3691.0,23.23,4.0,-2.0,88.88387797638825,,8901.0,9858198.6,68056.0,16.5,30.5,
2025-03-07,,,,,,,,,,,,,,,,,,,,39.85,,,,,,,,,,,,0.0,0.0,0.0,,,
2025-03-14,,,,,,,,,,,,,,,,,,,,39.63,,,,,,,,,,,,0.0,0.0,0.0,,,
2025-03-21,,,,,,,,,,,,,,,,,,,,39.25,,,,,,,,,,,,0.0,0.0,0.0,,,
2025-03-28,,,,,,,,,,,,,,,,,,,,38.79,,,,,,,,,,,,0.0,0.0,0.0,,,
2025-04-01,176.41,176.55,176.18,234.88,1.45502646,0.83961618,1.72055427,3.79142731,32.93896006,32.27691616,32.92590916,54.30298253,39697.0,191.19,123569.0,18340.0,36775.0,86794.0,,,4845.0,8656476.8,61179.0,3358.0,638946.1,3358.0,22.69,2.5,-1.8,85.1199495611803,,8203.0,9295422.9,64537.0,14.8,29.8,208.0
2025-04-04,,,,,,,,,,,,,,,,,,,,39.42,,,,,,,,,,,,0.0,0.0,0.0,,,
2025-04-11,,,,,,,,,,,,,,,,,,,,39.59,,,,,,,,,,,,0.0,0.0,0.0,,,
2025-04-18,,,,,,,,,,,,,,,,,,,,39.59,,,,,,,,,,,,0.0,0.0,0.0,,,
2025-04-25,,,,,,,,,,,,,,,,,,,,39.65,,,,,,,,,,,,0.0,0.0,0.0,,,
2025-05-01,182.33,183.18,181.59,241.66,3.35581883,3.75531011,3.07072312,2.88658038,32.21899927,32.32680777,32.13272211,50.93373306,,,135664.0,20325.0,41860.0,93804.0,,,7914.0,15118673.9,104955.0,4513.0,847335.0,4513.0,22.4,12.2,4.2,88.44305375188165,,12427.0,15966008.9,109468.0,15.0,30.9,
2025-05-02,,,,,,,,,,,,,,,,,,,,40.0,,,,,,,,,,,,0.0,0.0,0.0,,,
2025-05-09,,,,,,,,,,,,,,,,,,,,41.65,,,,,,,,,,,,0.0,0.0,0.0,,,
2025-05-16,,,,,,,,,,,,,,,,,,,,42.73,,,,,,,,,,,,0.0,0.0,0.0,,,
2025-05-23,,,,,,,,,,,,,,,,,,,,42.76,,,,,,,,,,,,0.0,0.0,0.0,,,
2025-05-30,,,,,,,,,,,,,,,,,,,,43.56,,,,,,,,,,,,0.0,0.0,0.0,,,
2025-06-01,185.96,186.0,185.44,249.53,1.99089563,1.53946937,2.1201608,3.25664156,32.80011426,32.46919735,32.99863731,50.23782287,,,112196.0,15101.0,35267.0,76929.0,,,10153.0,18523624.5,125720.0,5672.0,1027217.1,5672.0,23.58,16.4,2.8,86.90429430230004,,15825.0,19550841.6,131392.0,13.5,31.4,
2025-06-06,,,,,,,,,,,,,,,,,,,,43.61,,,,,,,,,,,,0.0,0.0,0.0,,,
2025-06-13,,,,,,,,,,,,,,,,,,,,43.49,,,,,,,,,,,,0.0,0.0,0.0,,,
2025-06-20,,,,,,,,,,,,,,,,,,,,43.55,,,,,,,,,,,,0.0,0.0,0.0,,,
2025-06-27,,,,,,,,,,,,,,,,,,,,43.23,,,,,,,,,,,,0.0,0.0,0.0,,,
2025-07-01,187.78,188.07,187.34,255.88,0.9787051,1.11290323,1.02459016,2.54478419,32.86634119,34.47018447,32.57377397,49.07946866,42548.8,208.56,148939.0,19315.0,46514.0,102425.0,,,6262.0,11787900.4,84199.0,4280.0,846106.4,4280.0,22.98,15.4,1.2,88.84929551935144,,10542.0,12634006.8,88479.0,13.0,31.2,204.0
2025-07-04,,,,,,,,,,,,,,,,,,,,43.08,,,,,,,,,,,,0.0,0.0,0.0,,,
2025-07-11,,,,,,,,,,,,,,,,,,,,42.7,,,,,,,,,,,,0.0,0.0,0.0,,,
2025-07-18,,,,,,,,,,,,,,,,,,,,42.57,,,,,,,,,,,,0.0,0.0,0.0,,,
2025-07-25,,,,,,,,,,,,,,,,,,,,41.9,,,,,,,,,,,,0.0,0.0,0.0,,,
2025-08-01,192.44,194.12,192.18,265.94,2.48162744,3.21688733,2.58353795,3.9315304,31.35836177,30.87918015,31.91927512,45.35417578,,,149440.0,20646.0,46459.0,102981.0,,41.37,6890.0,13876111.9,96409.0,4650.0,979787.5,4650.0,22.82,16.2,-0.7,85.252929532647,,11540.0,14855899.4,101059.0,13.8,31.1,
2025-08-08,,,,,,,,,,,,,,,,,,,,40.7,,,,,,,,,,,,0.0,0.0,0.0,,,
2025-08-15,,,,,,,,,,,,,,,,,,,,40.14,,,,,,,,,,,,0.0,0.0,0.0,,,
2025-08-22,,,,,,,,,,,,,,,,,,,,40.03,,,,,,,,,,,,0.0,0.0,0.0,,,
2025-08-29,,,,,,,,,,,,,,,,,,,,39.56,,,,,,,,,,,,0.0,0.0,0.0,,,
2025-09-01,195.66,198.29,194.93,270.85,1.6732488,2.14815578,1.43095015,1.84628112,32.19377069,34.48860553,31.92338928,42.90613623,,,156918.0,22264.0,49608.0,107310.0,,,6698.0,12299208.2,87022.0,6952.0,1285228.0,6952.0,23.18,20.7,4.5,88.32116041511985,,13650.0,13584436.2,93974.0,14.2,31.6,
2025-09-05,,,,,,,,,,,,,,,,,,,,39.28,,,,,,,,,,,,0.0,0.0,0.0,,,
2025-09-12,,,,,,,,,,,,,,,,,,,,39.15,,,,,,,,,,,,0.0,0.0,0.0,,,
2025-09-19,,,,,,,,,,,,,,,,,,,,38.65,,,,,,,,,,,,0.0,0.0,0.0,,,
2025-09-26,,,,,,,,,,,,,,,,,,,,38.12,,,,,,,,,,,,0.0,0.0,0.0,,,
2025-10-01,198.87,202.61,197.67,275.88,1.64060104,2.17862726,1.40563279,1.85711649,31.63224782,33.38380513,31.3771102,39.33333333,45447.1,224.75,170955.0,24684.0,57675.0,113280.0,,,7118.0,13304189.3,95225.0,5423.0,1009099.8,5423.0,22.57,19.1,-1.2,83.6705122323213,,12541.0,14313289.100000001,100648.0,14.4,33.7,202.0
2025-10-03,,,,,,,,,,,,,,,,,,,,38.0,,,,,,,,,,,,0.0,0.0,0.0,,,
2025-10-10,,,,,,,,,,,,,,,,,,,,38.04,,,,,,,,,,,,0.0,0.0,0.0,,,
2025-10-17,,,,,,,,,,,,,,,,,,,,37.91,,,,,,,,,,,,0.0,0.0,0.0,,,
2025-10-24,,,,,,,,,,,,,,,,,,,,38.0,,,,,,,,,,,,0.0,0.0,0.0,,,
2025-10-31,,,,,,,,,,,,,,,,,,,,37.75,,,,,,,,,,,,0.0,0.0,0.0,,,
2025-11-01,204.04,207.62,202.85,280.75,2.59968824,2.47273086,2.62052916,1.76526026,31.31677179,31.41338059,31.50729335,37.35322896,,,146989.0,22523.0,49174.0,97815.0,,,6640.0,11931936.4,86403.0,5567.0,1075474.1,5567.0,23.93,13.5,-0.7,84.9271225214238,,12207.0,13007410.5,91970.0,15.3,33.5,
2025-11-07,,,,,,,,,,,,,,,,,,,,37.78,,,,,,,,,,,,0.0,0.0,0.0,,,
2025-11-14,,,,,,,,,,,,,,,,,,,,37.87,,,,,,,,,,,,0.0,0.0,0.0,,,
2025-11-21,,,,,,,,,,,,,,,,,,,,37.7,,,,,,,,,,,,0.0,0.0,0.0,,,
2025-11-28,,,,,,,,,,,,,,,,,,,,37.7,,,,,,,,,,,,0.0,0.0,0.0,,,
2025-12-01,204.36,210.55,203.31,283.65,0.15683199,1.41123206,0.22676855,1.03294746,28.96630064,31.98971916,28.79949319,36.04316547,,,265223.0,30604.0,101721.0,163502.0,,,10877.0,21547906.9,151083.0,7767.0,1515802.1,7767.0,24.5,7.4,0.7,84.4726119613308,,18644.0,23063709.0,158850.0,11.5,38.4,
2025-12-05,,,,,,,,,,,,,,,,,,,,37.75,,,,,,,,,,,,0.0,0.0,0.0,,,
2025-12-12,,,,,,,,,,,,,,,,,,,,37.63,,,,,,,,,,,,0.0,0.0,0.0,,,
2025-12-19,,,,,,,,,,,,,,,,,,,,37.21,,,,,,,,,,,,0.0,0.0,0.0,,,
2025-12-26,,,,,,,,,,,,,,,,,,,,36.57,,,,,,,,,,,,0.0,0.0,0.0,,,
2026-01-01,211.73,215.54,210.71,293.67,3.6063809,2.36998338,3.63976194,3.53252247,27.64046299,28.76515921,27.35569659,34.26141819,,,111480.0,20263.0,34069.0,77411.0,,,,,,,,,25.38,8.0,0.9,85.71371169007429,,0.0,0.0,0.0,18.2,30.6,
2026-01-02,,,,,,,,,,,,,,,,,,,,36.38,,,,,,,,,,,,0.0,0.0,0.0,,,
2026-01-09,,,,,,,,,,,,,,,,,,,,36.37,,,,,,,,,,,,0.0,0.0,0.0,,,
2026-01-16,,,,,,,,,,,,,,,,,,,,36.26,,,,,,,,,,,,0.0,0.0,0.0,,,
2026-01-23,,,,,,,,,,,,,,,,,,,,36.25,,,,,,,,,,,,0.0,0.0,0.0,,,
2026-01-30,,,,,,,,,,,,,,,,,,,,35.93,,,,,,,,,,,,0.0,0.0,0.0,,,
2026-02-01,215.51,221.15,214.5,298.28,1.78529259,2.60276515,1.79868065,1.56978922,26.36177074,29.66111632,26.13195343,34.1548979,,,124549.0,25035.0,37785.0,86764.0,,,,,,,,,25.72,,,83.91038742526635,,0.0,0.0,0.0,20.1,30.3,
2026-02-06,,,,,,,,,,,,,,,,,,,,35.9,,,,,,,,,,,,0.0,0.0,0.0,,,
2026-02-13,,,,,,,,,,,,,,,,,,,,35.28,,,,,,,,,,,,0.0,0.0,0.0,,,
2026-02-20,,,,,,,,,,,,,,,,,,,,34.81,,,,,,,,,,,,0.0,0.0,0.0,,,
2026-02-27,,,,,,,,,,,,,,,,,,,,34.63,,,,,,,,,,,,0.0,0.0,0.0,,,
2026-03-01,,,,,,,,,,,,,,,,,,,,,,,,,,,,,,80.6356069848494,,0.0,0.0,0.0,,,
2026-03-06,,,,,,,,,,,,,,,,,,,,34.17,,,,,,,,,,,,0.0,0.0,0.0,,,
2026-03-13,,,,,,,,,,,,,,,,,,,,34.17,,,,,,,,,,,,0.0,0.0,0.0,,,
2026-03-20,,,,,,,,,,,,,,,,,,,,34.76,,,,,,,,,,,,0.0,0.0,0.0,,,
2026-03-27,,,,,,,,,,,,,,,,,,,,35.52,,,,,,,,,,,,0.0,0.0,0.0,,,
2026-04-03,,,,,,,,,,,,,,,,,,,,35.82,,,,,,,,,,,,0.0,0.0,0.0,,,
