Tarih,TÜFE Genel_duzey,Gıda ve Alkolsüz İçecekler_duzey,"Alkollü İçecekler, Tütün_duzey",Giyim ve Ayakkabı_duzey,"Konut, Su, Elektrik, Gaz_duzey","Mobilya, Ev Ekipmanları_duzey",Sağlık_duzey,Ulaştırma_duzey,Bilgi ve İletişim_duzey,"Eğlence, Spor, Kültür_duzey",Eğitim_duzey,Lokanta ve Konaklama_duzey,Sigorta ve Finansal Hizmetler_duzey,"Kişisel Bakım, Çeşitli_duzey",Çekirdek B_duzey,Çekirdek C_duzey,Çekirdek D_duzey,TÜFE Genel_aylik,Gıda ve Alkolsüz İçecekler_aylik,"Alkollü İçecekler, Tütün_aylik",Giyim ve Ayakkabı_aylik,"Konut, Su, Elektrik, Gaz_aylik","Mobilya, Ev Ekipmanları_aylik",Sağlık_aylik,Ulaştırma_aylik,Bilgi ve İletişim_aylik,"Eğlence, Spor, Kültür_aylik",Eğitim_aylik,Lokanta ve Konaklama_aylik,Sigorta ve Finansal Hizmetler_aylik,"Kişisel Bakım, Çeşitli_aylik",Çekirdek B_aylik,Çekirdek C_aylik,Çekirdek D_aylik,TÜFE Genel_yillik,Gıda ve Alkolsüz İçecekler_yillik,"Alkollü İçecekler, Tütün_yillik",Giyim ve Ayakkabı_yillik,"Konut, Su, Elektrik, Gaz_yillik","Mobilya, Ev Ekipmanları_yillik",Sağlık_yillik,Ulaştırma_yillik,Bilgi ve İletişim_yillik,"Eğlence, Spor, Kültür_yillik",Eğitim_yillik,Lokanta ve Konaklama_yillik,Sigorta ve Finansal Hizmetler_yillik,"Kişisel Bakım, Çeşitli_yillik",Çekirdek B_yillik,Çekirdek C_yillik,Çekirdek D_yillik
2012-01-01,6.35,4.79,7.14,17.97,6.14,5.99,6.43,6.18,21.84,7.66,5.87,4.01,4.33,5.6,6.53,6.93,6.63,0.63391442,1.05485232,0.0,-7.84615385,1.32013201,1.69779287,0.0,2.14876033,0.09165903,1.05540897,0.0,0.75376884,1.88235294,1.26582278,0.15337423,-0.14409222,0.60698027,10.6271777,11.65501166,18.60465116,7.86314526,9.05861456,11.75373134,0.15576324,12.97989031,0.73800738,10.21582734,6.34057971,8.08625337,11.59793814,18.39323467,8.65224626,8.45070423,9.58677686
2012-02-01,6.38,4.89,7.14,17.23,6.17,6.05,6.47,6.2,21.77,7.66,5.88,4.03,4.37,5.62,6.53,6.92,6.64,0.47244094,2.08768267,0.0,-4.1179744,0.48859935,1.00166945,0.62208398,0.3236246,-0.32051282,0.0,0.17035775,0.49875312,0.92378753,0.35714286,0.0,-0.14430014,0.15082956,10.38062284,11.13636364,18.4079602,9.05063291,9.59147425,11.82994455,0.62208398,11.31059246,0.23020258,10.21582734,6.32911392,8.33333333,12.33933162,18.06722689,8.4717608,8.125,9.5709571
2012-03-01,6.41,4.87,7.14,17.42,6.21,6.1,6.49,6.27,21.74,7.67,5.89,4.06,4.35,5.66,6.56,6.95,6.68,0.47021944,-0.40899796,0.0,1.1027278,0.64829822,0.82644628,0.30911901,1.12903226,-0.13780432,0.1305483,0.17006803,0.74441687,-0.4576659,0.71174377,0.45941807,0.43352601,0.60240964,10.51724138,11.18721461,18.4079602,9.42211055,9.91150442,11.72161172,0.77639752,10.77738516,-0.09191176,9.10384068,6.31768953,8.55614973,11.53846154,17.42738589,8.25082508,7.91925466,9.3289689
2012-04-01,6.5,4.87,7.14,19.72,6.41,6.15,6.53,6.29,21.74,7.74,5.92,4.11,4.38,5.68,6.67,7.09,6.81,1.40405616,0.0,0.0,13.2032147,3.22061192,0.81967213,0.61633282,0.31897927,0.0,0.91264668,0.50933786,1.23152709,0.68965517,0.35335689,1.67682927,2.01438849,1.94610778,11.11111111,11.69724771,18.4079602,11.66477916,13.05114638,10.61151079,1.24031008,9.96503497,1.73139916,9.01408451,6.47482014,9.30851064,12.02046036,17.59834369,8.63192182,8.24427481,10.19417476
2012-05-01,6.49,4.75,7.15,21.41,6.41,6.12,6.53,6.2,21.65,7.86,5.98,4.14,4.38,5.69,6.75,7.19,6.85,-0.15384615,-2.46406571,0.14005602,8.56997972,0.0,-0.48780488,0.0,-1.43084261,-0.41398344,1.5503876,1.01351351,0.72992701,0.0,0.17605634,1.1994003,1.41043724,0.58737151,8.34724541,3.93873085,18.57379768,8.56997972,12.45614035,9.87432675,1.24031008,7.82608696,1.83443086,8.4137931,6.40569395,9.2348285,10.05025126,16.12244898,8.17307692,7.79610195,9.25039872
2012-06-01,6.43,4.59,7.15,21.24,6.42,6.15,6.54,6.12,21.98,8.0,6.08,4.16,4.42,5.73,6.78,7.21,6.86,-0.92449923,-3.36842105,0.0,-0.79402149,0.15600624,0.49019608,0.15313936,-1.29032258,1.52424942,1.78117048,1.6722408,0.48309179,0.91324201,0.7029877,0.44444444,0.27816412,0.1459854,8.79864636,7.4941452,18.57379768,7.00251889,12.43432574,9.82142857,1.23839009,6.06585789,2.80636109,9.89010989,6.66666667,9.18635171,10.5,14.82965932,8.13397129,7.29166667,8.88888889
2012-07-01,6.42,4.61,7.15,20.31,6.38,6.13,6.54,6.14,22.0,8.03,6.15,4.19,4.59,5.75,6.77,7.19,6.84,-0.155521,0.43572985,0.0,-4.37853107,-0.62305296,-0.32520325,0.0,0.32679739,0.09099181,0.375,1.15131579,0.72115385,3.84615385,0.34904014,-0.14749263,-0.27739251,-0.29154519,9.18367347,9.24170616,18.57379768,7.51720487,11.53846154,9.0747331,2.02808112,5.49828179,2.70774977,10.60606061,7.14285714,9.39947781,13.05418719,12.74509804,7.97448166,7.47384155,8.57142857
2012-08-01,6.45,4.67,7.15,19.37,6.43,6.17,6.53,6.24,21.98,8.1,6.21,4.21,4.7,5.78,6.76,7.17,6.86,0.46728972,1.30151844,0.0,-4.62826194,0.78369906,0.65252855,-0.1529052,1.6286645,-0.09090909,0.87173101,0.97560976,0.47732697,2.39651416,0.52173913,-0.14771049,-0.27816412,0.29239766,8.76897133,9.11214953,18.57379768,7.1942446,11.82608696,9.01060071,1.87207488,5.40540541,2.51865672,10.6557377,7.8125,9.35064935,14.35523114,8.44277674,7.6433121,7.17488789,8.20189274
2012-09-01,6.52,4.77,7.17,18.87,6.48,6.18,6.53,6.34,22.26,8.12,6.13,4.28,4.99,5.89,6.78,7.18,6.91,1.08527132,2.14132762,0.27972028,-2.58131131,0.77760498,0.16207455,0.0,1.6025641,1.27388535,0.24691358,-1.28824477,1.66270784,6.17021277,1.90311419,0.29585799,0.13947001,0.72886297,9.21273032,10.41666667,18.90547264,7.95194508,12.11072664,8.04195804,1.87207488,4.96688742,3.67955286,10.02710027,4.60750853,9.74358974,21.11650485,7.48175182,7.10900474,6.68647845,8.13771518
2012-10-01,6.65,4.85,7.21,20.15,6.69,6.21,6.53,6.47,22.45,8.14,6.15,4.3,5.15,5.93,6.87,7.27,7.05,1.99386503,1.67714885,0.55788006,6.78325384,3.24074074,0.48543689,0.0,2.05047319,0.85354897,0.24630542,0.32626427,0.46728972,3.20641283,0.67911715,1.32743363,1.25348189,2.0260492,7.77957861,7.77777778,4.64441219,6.72669492,11.68614357,6.88468158,1.71339564,6.58978583,3.88708931,9.1152815,4.77001704,9.41475827,23.79807692,9.4095941,6.84292379,6.13138686,8.29493088
2012-11-01,6.67,4.85,7.21,21.42,6.73,6.23,6.53,6.41,22.44,8.14,6.16,4.33,5.44,5.93,6.93,7.34,7.09,0.30075188,0.0,0.0,6.30272953,0.59790732,0.32206119,0.0,-0.92735703,-0.04454343,0.0,0.16260163,0.69767442,5.63106796,0.0,0.87336245,0.96286107,0.56737589,6.37958533,4.30107527,0.98039216,7.47616658,11.60862355,5.95238095,1.55520995,6.12582781,3.07762977,9.1152815,4.76190476,9.34343434,28.60520095,7.62250454,6.28834356,5.76368876,7.75075988
2012-12-01,6.7,4.92,7.21,21.1,6.75,6.24,6.53,6.39,22.66,8.12,6.16,4.35,5.55,5.93,6.95,7.34,7.1,0.44977511,1.44329897,0.0,-1.49393091,0.29717682,0.16051364,0.0,-0.31201248,0.98039216,-0.24570025,0.0,0.46189376,2.02205882,0.0,0.28860029,0.0,0.14104372,6.18066561,3.79746835,0.98039216,8.20512821,11.38613861,5.94227504,1.55520995,5.61983471,3.84967919,7.12401055,4.94037479,9.29648241,30.58823529,7.23327306,6.59509202,5.76368876,7.73899848
2013-01-01,6.81,5.12,8.24,19.63,6.79,6.31,6.57,6.43,22.65,8.17,6.16,4.39,5.7,6.01,6.94,7.33,7.11,1.64179104,4.06504065,14.28571429,-6.96682464,0.59259259,1.12179487,0.61255743,0.62597809,-0.04413063,0.61576355,0.0,0.91954023,2.7027027,1.34907251,-0.14388489,-0.13623978,0.14084507,7.24409449,6.88935282,15.40616246,9.23761825,10.58631922,5.34223706,2.17729393,4.04530744,3.70879121,6.65796345,4.94037479,9.47630923,31.63972286,7.32142857,6.27871363,5.77200577,7.239819
2013-02-01,6.83,5.16,8.31,18.38,6.81,6.37,6.59,6.53,22.66,8.09,6.18,4.41,5.75,5.99,6.94,7.32,7.11,0.29368576,0.78125,0.84951456,-6.36780438,0.29455081,0.95087163,0.304414,1.55520995,0.04415011,-0.97919217,0.32467532,0.45558087,0.87719298,-0.3327787,0.0,-0.13642565,0.0,7.05329154,5.52147239,16.38655462,6.67440511,10.37277147,5.2892562,1.85471406,5.32258065,4.08819476,5.61357702,5.10204082,9.4292804,31.57894737,6.58362989,6.27871363,5.78034682,7.07831325
2013-03-01,6.87,5.27,8.3,18.54,6.83,6.38,6.63,6.53,22.67,8.14,6.19,4.44,5.82,6.01,6.97,7.35,7.14,0.58565154,2.13178295,-0.12033694,0.87051143,0.29368576,0.15698587,0.60698027,0.0,0.04413063,0.61804697,0.1618123,0.68027211,1.2173913,0.33388982,0.43227666,0.40983607,0.42194093,7.17628705,8.21355236,16.2464986,6.4293915,9.98389694,4.59016393,2.15716487,4.14673046,4.27782889,6.12777053,5.09337861,9.35960591,33.79310345,6.18374558,6.25,5.75539568,6.88622754
2013-04-01,6.9,5.2,8.3,20.9,6.84,6.41,6.65,6.48,22.65,8.27,6.23,4.48,5.83,5.96,7.07,7.47,7.2,0.43668122,-1.32827324,0.0,12.72923409,0.14641288,0.47021944,0.30165913,-0.76569678,-0.08822232,1.5970516,0.64620355,0.9009009,0.17182131,-0.83194676,1.43472023,1.63265306,0.84033613,6.15384615,6.7761807,16.2464986,5.98377282,6.70826833,4.22764228,1.83767228,3.02066773,4.18583257,6.84754522,5.23648649,9.00243309,33.10502283,4.92957746,5.9970015,5.3596615,5.72687225
2013-05-01,6.91,5.09,8.3,22.75,6.83,6.39,6.66,6.49,22.71,8.35,6.33,4.51,5.8,5.95,7.17,7.59,7.27,0.14492754,-2.11538462,0.0,8.85167464,-0.14619883,-0.31201248,0.15037594,0.15432099,0.26490066,0.96735187,1.60513644,0.66964286,-0.51457976,-0.16778523,1.41442716,1.6064257,0.97222222,6.47149461,7.15789474,16.08391608,6.25875759,6.55226209,4.41176471,1.99081164,4.67741935,4.8960739,6.23409669,5.85284281,8.93719807,32.42009132,4.56942004,6.22222222,5.56328234,6.13138686
2013-06-01,6.97,5.18,8.3,22.36,6.85,6.41,6.67,6.59,22.7,8.58,6.46,4.54,5.74,5.95,7.2,7.62,7.3,0.8683068,1.76817289,0.0,-1.71428571,0.29282577,0.31298905,0.15015015,1.54083205,-0.04403347,2.75449102,2.05371248,0.66518847,-1.03448276,0.0,0.41841004,0.39525692,0.41265475,8.39813375,12.8540305,16.08391608,5.27306968,6.69781931,4.22764228,1.98776758,7.67973856,3.27570519,7.25,6.25,9.13461538,29.86425339,3.83944154,6.19469027,5.68654646,6.41399417
2013-07-01,6.99,5.19,8.3,21.31,6.88,6.42,6.7,6.74,22.89,8.61,6.51,4.56,5.83,5.93,7.21,7.63,7.33,0.28694405,0.19305019,0.0,-4.69588551,0.4379562,0.15600624,0.44977511,2.27617602,0.83700441,0.34965035,0.77399381,0.44052863,1.56794425,-0.33613445,0.13888889,0.1312336,0.4109589,8.87850467,12.5813449,16.08391608,4.92368291,7.8369906,4.73083197,2.44648318,9.77198697,4.04545455,7.22291407,5.85365854,8.83054893,27.01525054,3.13043478,6.49926145,6.11961057,7.16374269
2013-08-01,6.98,5.15,8.3,20.54,6.91,6.41,6.72,6.79,22.86,8.7,6.59,4.6,5.9,6.0,7.22,7.63,7.34,-0.14306152,-0.77071291,0.0,-3.61332708,0.43604651,-0.15576324,0.29850746,0.74183976,-0.1310616,1.04529617,1.22887865,0.87719298,1.20068611,1.18043845,0.13869626,0.0,0.13642565,8.21705426,10.27837259,16.08391608,6.04026846,7.46500778,3.8897893,2.90964778,8.81410256,4.00363967,7.40740741,6.11916264,9.26365796,25.53191489,3.80622837,6.80473373,6.41562064,6.99708455
2013-09-01,7.03,5.19,8.3,20.07,6.95,6.46,6.73,6.92,22.92,8.7,6.76,4.67,5.83,6.06,7.28,7.68,7.41,0.71633238,0.77669903,0.0,-2.28821811,0.5788712,0.7800312,0.14880952,1.91458027,0.26246719,0.0,2.57966616,1.52173913,-1.18644068,1.0,0.83102493,0.65530799,0.95367847,7.82208589,8.80503145,15.76011158,6.35930048,7.25308642,4.53074434,3.06278714,9.14826498,2.96495957,7.14285714,10.27732463,9.11214953,16.83366733,2.88624788,7.37463127,6.9637883,7.23589001
2013-10-01,7.16,5.39,8.24,21.99,6.98,6.57,6.75,6.94,22.94,8.77,6.77,4.71,5.84,6.03,7.39,7.82,7.5,1.84921764,3.85356455,-0.72289157,9.56651719,0.43165468,1.70278638,0.29717682,0.28901734,0.08726003,0.8045977,0.14792899,0.85653105,0.17152659,-0.4950495,1.51098901,1.82291667,1.2145749,7.66917293,11.13402062,14.28571429,9.13151365,4.3348281,5.79710145,3.36906585,7.26429675,2.18262806,7.73955774,10.08130081,9.53488372,13.39805825,1.68634064,7.56914119,7.565337,6.38297872
2013-11-01,7.16,5.32,8.19,22.71,7.01,6.6,6.8,6.94,22.9,8.82,6.77,4.74,5.83,6.04,7.44,7.87,7.54,0.0,-1.2987013,-0.60679612,3.27421555,0.42979943,0.456621,0.74074074,0.0,-0.17436792,0.57012543,0.0,0.63694268,-0.17123288,0.16583748,0.67658999,0.63938619,0.53333333,7.34632684,9.69072165,13.59223301,6.02240896,4.16047548,5.93900482,4.13476263,8.26833073,2.04991087,8.35380835,9.9025974,9.46882217,7.16911765,1.8549747,7.35930736,7.22070845,6.34696756
2013-12-01,7.19,5.4,7.97,22.12,7.07,6.61,6.85,7.01,22.92,8.79,6.78,4.78,5.8,6.04,7.44,7.86,7.57,0.41899441,1.5037594,-2.68620269,-2.59797446,0.85592011,0.15151515,0.73529412,1.00864553,0.08733624,-0.34013605,0.14771049,0.84388186,-0.51457976,0.0,0.0,-0.1270648,0.39787798,7.31343284,9.75609756,10.5409154,4.83412322,4.74074074,5.92948718,4.90045942,9.70266041,1.14739629,8.25123153,10.06493506,9.88505747,4.5045045,1.8549747,7.05035971,7.08446866,6.61971831
2014-01-01,7.34,5.68,8.56,20.44,7.11,6.72,6.98,7.19,22.85,8.93,6.78,4.86,5.76,6.19,7.48,7.88,7.61,2.08623088,5.18518519,7.40276035,-7.59493671,0.56577086,1.66414523,1.89781022,2.56776034,-0.30541012,1.592719,0.0,1.67364017,-0.68965517,2.48344371,0.53763441,0.25445293,0.52840159,7.78267254,10.9375,3.88349515,4.12633724,4.71281296,6.49762282,6.24048706,11.81959565,0.88300221,9.30232558,10.06493506,10.70615034,1.05263158,2.99500832,7.78097983,7.50341064,7.0323488
2014-02-01,7.37,5.68,8.56,19.41,7.14,6.81,7.03,7.35,22.96,8.95,6.79,4.93,5.74,6.26,7.54,7.94,7.67,0.40871935,0.0,0.0,-5.03913894,0.42194093,1.33928571,0.71633238,2.22531293,0.48140044,0.22396417,0.14749263,1.44032922,-0.34722222,1.13085622,0.80213904,0.76142132,0.78843627,7.90629575,10.07751938,3.00842359,5.6039173,4.84581498,6.90737834,6.676783,12.55742726,1.3239188,10.63040791,9.87055016,11.79138322,-0.17391304,4.50751252,8.64553314,8.46994536,7.87623066
2014-03-01,7.45,5.8,8.56,19.89,7.16,6.87,7.09,7.42,23.04,9.01,6.81,5.0,5.87,6.33,7.64,8.03,7.74,1.08548168,2.11267606,0.0,2.47295209,0.28011204,0.88105727,0.85348506,0.95238095,0.34843206,0.67039106,0.29455081,1.4198783,2.26480836,1.11821086,1.32625995,1.13350126,0.91264668,8.44250364,10.056926,3.13253012,7.2815534,4.83162518,7.68025078,6.93815988,13.62940276,1.63211292,10.68796069,10.01615509,12.61261261,0.85910653,5.32445923,9.61262554,9.25170068,8.40336134
2014-04-01,7.55,5.88,8.56,22.5,7.17,6.97,7.16,7.38,23.0,9.1,6.87,5.03,5.89,6.33,7.79,8.2,7.85,1.34228188,1.37931034,0.0,13.12217195,0.1396648,1.45560408,0.98730606,-0.53908356,-0.17361111,0.99889012,0.88105727,0.6,0.3407155,0.0,1.96335079,2.11706102,1.42118863,9.42028986,13.07692308,3.13253012,7.65550239,4.8245614,8.73634945,7.66917293,13.88888889,1.54525386,10.0362757,10.27287319,12.27678571,1.02915952,6.20805369,10.18387553,9.77242303,9.02777778
2014-05-01,7.58,5.81,8.55,24.56,7.2,6.96,7.23,7.34,22.92,9.2,6.94,5.09,5.8,6.36,7.89,8.33,7.93,0.39735099,-1.19047619,-0.11682243,9.15555556,0.41841004,-0.14347202,0.97765363,-0.54200542,-0.34782609,1.0989011,1.01892285,1.19284294,-1.52801358,0.47393365,1.28369705,1.58536585,1.01910828,9.69609262,14.1453831,3.01204819,7.95604396,5.41727672,8.92018779,8.55855856,13.09707242,0.92470277,10.17964072,9.63665087,12.86031042,0.0,6.8907563,10.041841,9.74967062,9.0784044
2014-06-01,7.6,5.83,8.55,24.26,7.21,7.0,7.3,7.38,22.81,9.39,7.06,5.14,5.77,6.41,7.93,8.35,7.96,0.26385224,0.34423408,0.0,-1.22149837,0.13888889,0.57471264,0.96818811,0.54495913,-0.47993019,2.06521739,1.72910663,0.98231827,-0.51724138,0.78616352,0.50697085,0.24009604,0.37831021,9.03873745,12.54826255,3.01204819,8.49731664,5.25547445,9.20436817,9.44527736,11.98786039,0.4845815,9.44055944,9.2879257,13.21585903,0.52264808,7.73109244,10.13888889,9.58005249,9.04109589
2014-07-01,7.64,5.84,8.72,23.46,7.26,7.01,7.32,7.43,23.22,9.57,7.1,5.19,5.68,6.52,7.96,8.38,8.0,0.52631579,0.17152659,1.98830409,-3.29760923,0.69348128,0.14285714,0.2739726,0.67750678,1.79745726,1.91693291,0.56657224,0.97276265,-1.55979203,1.71606864,0.37831021,0.35928144,0.50251256,9.29899857,12.52408478,5.06024096,10.08916002,5.52325581,9.19003115,9.25373134,10.23738872,1.44167759,11.14982578,9.06298003,13.81578947,-2.5728988,9.94940978,10.40221914,9.82961992,9.14051842
2014-08-01,7.65,5.9,8.68,22.31,7.28,7.03,7.33,7.42,23.2,9.7,7.15,5.28,5.6,6.57,7.97,8.37,8.0,0.13089005,1.02739726,-0.4587156,-4.90196078,0.27548209,0.2853067,0.13661202,-0.1345895,-0.08613264,1.3584117,0.70422535,1.73410405,-1.4084507,0.76687117,0.12562814,-0.11933174,0.0,9.59885387,14.5631068,4.57831325,8.61733204,5.35455861,9.6723869,9.07738095,9.27835052,1.48731409,11.49425287,8.49772382,14.7826087,-5.08474576,9.5,10.38781163,9.69855832,8.99182561
2014-09-01,7.66,5.91,8.58,21.76,7.31,7.06,7.36,7.43,23.17,9.75,7.28,5.34,5.54,6.62,8.0,8.39,8.03,0.13071895,0.16949153,-1.15207373,-2.46526221,0.41208791,0.42674253,0.40927694,0.13477089,-0.12931034,0.51546392,1.81818182,1.13636364,-1.07142857,0.76103501,0.37641154,0.23894863,0.375,8.96159317,13.87283237,3.37349398,8.42052815,5.17985612,9.2879257,9.36106984,7.3699422,1.09075044,12.06896552,7.69230769,14.34689507,-4.97427101,9.24092409,9.89010989,9.24479167,8.36707152
2014-10-01,7.8,6.07,8.58,23.93,7.53,7.08,7.41,7.42,23.15,9.75,7.32,5.39,5.55,6.67,8.12,8.52,8.16,1.82767624,2.7072758,0.0,9.97242647,3.00957592,0.28328612,0.67934783,-0.1345895,-0.08631852,0.0,0.54945055,0.93632959,0.18050542,0.75528701,1.5,1.54946365,1.61892902,8.93854749,12.61595547,4.12621359,8.82219191,7.87965616,7.76255708,9.77777778,6.91642651,0.91543156,11.17445838,8.12407681,14.4373673,-4.96575342,10.61359867,9.8782138,8.95140665,8.8
2014-11-01,7.82,6.08,8.58,24.91,7.54,7.14,7.43,7.29,23.12,9.54,7.34,5.42,5.55,6.66,8.17,8.58,8.18,0.25641026,0.16474465,0.0,4.09527789,0.13280212,0.84745763,0.26990553,-1.75202156,-0.12958963,-2.15384615,0.27322404,0.55658627,0.0,-0.14992504,0.61576355,0.70422535,0.24509804,9.21787709,14.28571429,4.76190476,9.6873624,7.56062767,8.18181818,9.26470588,5.04322767,0.96069869,8.16326531,8.41949778,14.34599156,-4.80274443,10.26490066,9.81182796,9.02160102,8.48806366
2014-12-01,7.78,6.09,8.58,23.99,7.55,7.15,7.44,7.16,23.1,9.54,7.34,5.45,5.56,6.72,8.15,8.54,8.14,-0.51150895,0.16447368,0.0,-3.69329587,0.13262599,0.14005602,0.1345895,-1.78326475,-0.08650519,0.0,0.0,0.55350554,0.18018018,0.9009009,-0.24479804,-0.46620047,-0.48899756,8.20584145,12.77777778,7.65370138,8.45388788,6.78925035,8.16944024,8.61313869,2.13980029,0.78534031,8.53242321,8.25958702,14.0167364,-4.13793103,11.25827815,9.54301075,8.65139949,7.52972259
2015-01-01,7.87,6.3,8.94,22.31,7.64,7.29,7.55,7.13,23.51,9.54,7.34,5.5,5.65,6.86,8.18,8.56,8.16,1.15681234,3.44827586,4.1958042,-7.00291788,1.19205298,1.95804196,1.47849462,-0.41899441,1.77489177,0.0,0.0,0.91743119,1.61870504,2.08333333,0.36809816,0.23419204,0.24570025,7.22070845,10.91549296,4.43925234,9.14872798,7.45428973,8.48214286,8.16618911,-0.83449235,2.88840263,6.83090705,8.25958702,13.16872428,-1.90972222,10.82390953,9.35828877,8.62944162,7.22733246
2015-02-01,7.92,6.46,8.9,20.85,7.67,7.31,7.61,7.25,23.64,9.68,7.33,5.55,5.7,6.9,8.18,8.55,8.18,0.63532402,2.53968254,-0.44742729,-6.54415061,0.39267016,0.27434842,0.79470199,1.68302945,0.55295619,1.46750524,-0.13623978,0.90909091,0.88495575,0.58309038,0.0,-0.11682243,0.24509804,7.46268657,13.73239437,3.97196262,7.41885626,7.42296919,7.34214391,8.25035562,-1.36054422,2.96167247,8.15642458,7.95287187,12.57606491,-0.69686411,10.22364217,8.48806366,7.68261965,6.64928292
2015-03-01,8.02,6.62,8.9,21.07,7.73,7.35,7.69,7.32,23.7,9.74,7.35,5.63,5.71,6.96,8.23,8.6,8.24,1.26262626,2.47678019,0.0,1.05515588,0.78226858,0.54719562,1.05124836,0.96551724,0.25380711,0.61983471,0.2728513,1.44144144,0.1754386,0.86956522,0.61124694,0.58479532,0.73349633,7.65100671,14.13793103,3.97196262,5.93262946,7.96089385,6.98689956,8.46262341,-1.34770889,2.86458333,8.10210877,7.92951542,12.6,-2.72572402,9.95260664,7.72251309,7.09838107,6.45994832
2015-04-01,8.15,6.73,8.9,23.66,7.76,7.45,7.71,7.35,23.66,9.82,7.41,5.71,5.85,7.07,8.38,8.78,8.37,1.62094763,1.66163142,0.0,12.2923588,0.38809832,1.36054422,0.26007802,0.40983607,-0.16877637,0.82135524,0.81632653,1.42095915,2.45183888,1.58045977,1.82260024,2.09302326,1.5776699,7.94701987,14.45578231,3.97196262,5.15555556,8.22873082,6.8866571,7.68156425,-0.40650407,2.86956522,7.91208791,7.86026201,13.51888668,-0.67911715,11.69036335,7.57381258,7.07317073,6.62420382
2015-05-01,8.19,6.55,8.9,26.04,7.8,7.51,7.73,7.48,23.69,9.94,7.45,5.77,6.04,7.09,8.52,8.95,8.5,0.49079755,-2.67459138,0.0,10.0591716,0.51546392,0.80536913,0.25940337,1.76870748,0.12679628,1.22199593,0.53981107,1.05078809,3.24786325,0.28288543,1.67064439,1.93621868,1.55316607,8.0474934,12.73666093,4.09356725,6.02605863,8.33333333,7.90229885,6.91562932,1.90735695,3.35951134,8.04347826,7.34870317,13.35952849,4.13793103,11.47798742,7.98479087,7.44297719,7.18789407
2015-06-01,8.15,6.37,8.9,25.69,7.82,7.5,7.77,7.47,23.64,10.43,7.5,5.84,6.03,7.16,8.55,8.98,8.53,-0.48840049,-2.7480916,0.0,-1.34408602,0.25641026,-0.13315579,0.51746442,-0.13368984,-0.21105952,4.92957746,0.67114094,1.21317158,-0.16556291,0.98730606,0.35211268,0.33519553,0.35294118,7.23684211,9.26243568,4.09356725,5.8944765,8.46047157,7.14285714,6.43835616,1.2195122,3.63875493,11.07561235,6.23229462,13.61867704,4.50606586,11.70046802,7.8184111,7.54491018,7.16080402
2015-07-01,8.16,6.38,9.0,24.42,7.85,7.62,7.8,7.5,23.55,10.49,7.54,5.91,6.42,7.14,8.57,8.99,8.53,0.12269939,0.15698587,1.12359551,-4.9435578,0.38363171,1.6,0.38610039,0.40160643,-0.38071066,0.57526366,0.53333333,1.19863014,6.46766169,-0.27932961,0.23391813,0.11135857,0.0,6.80628272,9.24657534,3.21100917,4.09207161,8.12672176,8.70185449,6.55737705,0.94212651,1.42118863,9.61337513,6.1971831,13.87283237,13.02816901,9.50920245,7.66331658,7.27923628,6.625
2015-08-01,8.19,6.47,9.03,23.36,7.87,7.64,7.82,7.48,23.9,10.59,7.64,6.03,6.75,7.24,8.6,9.01,8.55,0.36764706,1.41065831,0.33333333,-4.34070434,0.25477707,0.26246719,0.25641026,-0.26666667,1.48619958,0.95328885,1.32625995,2.03045685,5.14018692,1.40056022,0.35005834,0.22246941,0.23446659,7.05882353,9.66101695,4.03225806,4.70640968,8.1043956,8.67709815,6.68485675,0.80862534,3.01724138,9.17525773,6.85314685,14.20454545,20.53571429,10.1978691,7.90464241,7.64635603,6.875
2015-09-01,8.27,6.55,9.07,22.72,7.92,7.73,7.91,7.62,24.08,10.67,7.71,6.09,7.15,7.39,8.66,9.08,8.62,0.97680098,1.23647604,0.44296788,-2.73972603,0.63532402,1.17801047,1.15089514,1.87165775,0.75313808,0.75542965,0.91623037,0.99502488,5.92592593,2.0718232,0.69767442,0.77691454,0.81871345,7.96344648,10.82910321,5.71095571,4.41176471,8.34473324,9.49008499,7.47282609,2.55720054,3.92749245,9.43589744,5.90659341,14.04494382,29.06137184,11.63141994,8.25,8.22407628,7.34744707
2015-10-01,8.39,6.6,9.07,25.31,7.98,7.84,7.94,7.72,24.2,10.67,7.79,6.13,7.69,7.45,8.83,9.28,8.77,1.45102781,0.76335878,0.0,11.39964789,0.75757576,1.42302717,0.37926675,1.31233596,0.49833887,0.0,1.03761349,0.65681445,7.55244755,0.81190798,1.9630485,2.20264317,1.74013921,7.56410256,8.73146623,5.71095571,5.76681989,5.97609562,10.73446328,7.15249663,4.04312668,4.53563715,9.43589744,6.42076503,13.72912801,38.55855856,11.69415292,8.74384236,8.92018779,7.4754902
2015-11-01,8.45,6.66,9.07,26.67,8.03,7.89,7.96,7.66,24.28,10.55,7.8,6.15,8.17,7.4,8.9,9.37,8.82,0.71513707,0.90909091,0.0,5.37337021,0.62656642,0.6377551,0.25188917,-0.77720207,0.33057851,-1.12464855,0.1283697,0.32626427,6.24187256,-0.67114094,0.79275198,0.96982759,0.57012543,8.05626598,9.53947368,5.71095571,7.06543557,6.49867374,10.50420168,7.13324361,5.07544582,5.01730104,10.5870021,6.26702997,13.46863469,47.20720721,11.11111111,8.93512852,9.20745921,7.82396088
2015-12-01,8.47,6.75,9.07,26.15,8.06,7.93,7.97,7.62,24.22,10.54,7.81,6.17,8.43,7.43,8.91,9.36,8.82,0.23668639,1.35135135,0.0,-1.94975628,0.373599,0.50697085,0.12562814,-0.52219321,-0.24711697,-0.09478673,0.12820513,0.32520325,3.18237454,0.40540541,0.11235955,-0.10672359,0.0,8.8688946,10.83743842,5.71095571,9.00375156,6.75496689,10.90909091,7.12365591,6.42458101,4.84848485,10.48218029,6.40326975,13.21100917,51.61870504,10.56547619,9.32515337,9.60187354,8.35380835
2016-01-01,8.62,7.04,9.94,24.39,8.2,8.08,8.17,7.65,24.46,10.66,7.81,6.23,8.89,7.59,8.95,9.39,8.87,1.77095632,4.2962963,9.59206174,-6.73040153,1.7369727,1.89155107,2.50941029,0.39370079,0.9909166,1.13851992,0.0,0.97244733,5.45670225,2.15343203,0.44893378,0.32051282,0.56689342,9.52986023,11.74603175,11.18568233,9.32317346,7.32984293,10.83676269,8.21192053,7.29312763,4.04083369,11.74004193,6.40326975,13.27272727,57.34513274,10.64139942,9.41320293,9.69626168,8.70098039
2016-02-01,8.62,7.03,10.04,22.89,8.23,8.12,8.31,7.71,24.42,10.59,7.82,6.28,9.23,7.68,8.96,9.38,8.88,0.0,-0.14204545,1.00603622,-6.1500615,0.36585366,0.4950495,1.71358629,0.78431373,-0.1635323,-0.65666041,0.12804097,0.80256822,3.82452193,1.18577075,0.11173184,-0.10649627,0.11273957,8.83838384,8.82352941,12.80898876,9.78417266,7.3011734,11.08071135,9.19842313,6.34482759,3.29949239,9.40082645,6.68485675,13.15315315,61.92982456,11.30434783,9.53545232,9.70760234,8.55745721
2016-03-01,8.62,6.93,10.04,22.97,8.24,8.17,8.41,7.77,24.38,10.58,7.86,6.32,9.45,7.74,9.0,9.42,8.92,0.0,-1.42247511,0.0,0.3494976,0.12150668,0.61576355,1.20336943,0.77821012,-0.16380016,-0.09442871,0.51150895,0.63694268,2.38353196,0.78125,0.44642857,0.42643923,0.45045045,7.48129676,4.68277946,12.80898876,9.01756051,6.59767141,11.15646259,9.36280884,6.14754098,2.86919831,8.62422998,6.93877551,12.25577265,65.49912434,11.20689655,9.35601458,9.53488372,8.25242718
2016-04-01,8.68,6.82,10.04,25.86,8.27,8.22,8.45,7.82,24.39,10.78,7.93,6.35,9.75,7.73,9.15,9.6,9.05,0.69605568,-1.58730159,0.0,12.58162821,0.36407767,0.6119951,0.47562426,0.64350064,0.04101723,1.89035917,0.89058524,0.47468354,3.17460317,-0.12919897,1.66666667,1.91082803,1.4573991,6.50306748,1.33729569,12.80898876,9.29839391,6.57216495,10.33557047,9.59792477,6.39455782,3.08537616,9.77596741,7.01754386,11.2084063,66.66666667,9.33521924,9.18854415,9.33940774,8.12425329
2016-05-01,8.73,6.71,10.04,27.94,8.3,8.2,8.47,7.9,24.5,10.97,8.01,6.39,9.82,7.82,9.26,9.73,9.16,0.57603687,-1.61290323,0.0,8.04331013,0.36275695,-0.243309,0.23668639,1.0230179,0.45100451,1.76252319,1.00882724,0.62992126,0.71794872,1.16429495,1.20218579,1.35416667,1.21546961,6.59340659,2.44274809,12.80898876,7.29646697,6.41025641,9.18774967,9.57309185,5.61497326,3.4191642,10.36217304,7.51677852,10.74523397,62.58278146,10.29619182,8.68544601,8.7150838,7.76470588
2016-06-01,8.78,6.79,10.04,27.57,8.34,8.24,8.53,7.96,24.52,10.99,8.09,6.42,9.71,7.85,9.28,9.76,9.18,0.57273769,1.19225037,0.0,-1.32426628,0.48192771,0.48780488,0.70838253,0.75949367,0.08163265,0.18231541,0.99875156,0.46948357,-1.12016293,0.38363171,0.21598272,0.30832477,0.21834061,7.73006135,6.59340659,12.80898876,7.31802258,6.64961637,9.86666667,9.78120978,6.55957162,3.72250423,5.36912752,7.86666667,9.93150685,61.02819237,9.63687151,8.5380117,8.68596882,7.62016413
2016-07-01,8.88,7.0,10.75,26.43,8.37,8.25,8.62,7.96,24.82,11.14,8.13,6.49,9.86,7.95,9.3,9.77,9.2,1.13895216,3.09278351,7.07171315,-4.13492927,0.35971223,0.12135922,1.05509965,0.0,1.22349103,1.36487716,0.49443758,1.09034268,1.54479918,1.27388535,0.21551724,0.10245902,0.21786492,8.82352941,9.71786834,19.44444444,8.23095823,6.62420382,8.26771654,10.51282051,6.13333333,5.39278132,6.1963775,7.82493369,9.81387479,53.58255452,11.34453782,8.51808635,8.67630701,7.85463072
2016-08-01,8.85,6.87,11.12,25.19,8.41,8.27,8.65,7.98,24.83,11.22,8.35,6.55,9.83,7.99,9.3,9.77,9.2,-0.33783784,-1.85714286,3.44186047,-4.69163829,0.47789725,0.24242424,0.34802784,0.25125628,0.04029009,0.71813285,2.70602706,0.92449923,-0.30425963,0.50314465,0.0,0.0,0.0,8.05860806,6.18238022,23.14507198,7.83390411,6.86149936,8.2460733,10.61381074,6.68449198,3.89121339,5.9490085,9.29319372,8.62354892,45.62962963,10.35911602,8.13953488,8.43507214,7.60233918
2016-09-01,8.87,6.82,11.12,24.31,8.45,8.28,8.67,8.19,24.85,11.17,8.51,6.59,9.79,8.02,9.32,9.78,9.24,0.2259887,-0.72780204,0.0,-3.49344978,0.47562426,0.12091898,0.23121387,2.63157895,0.08054772,-0.4456328,1.91616766,0.61068702,-0.4069176,0.37546934,0.21505376,0.10235415,0.43478261,7.25513906,4.1221374,22.60198456,6.99823944,6.69191919,7.11513583,9.60809102,7.48031496,3.19767442,4.68603561,10.37613489,8.21018062,36.92307692,8.52503383,7.62124711,7.7092511,7.19257541
2016-10-01,8.99,6.94,11.12,26.85,8.43,8.33,8.69,8.35,24.8,11.02,8.54,6.64,9.82,8.05,9.45,9.94,9.36,1.35287486,1.75953079,0.0,10.44837515,-0.23668639,0.60386473,0.23068051,1.95360195,-0.20120724,-1.34288272,0.35252644,0.75872534,0.30643514,0.37406484,1.39484979,1.63599182,1.2987013,7.15137068,5.15151515,22.60198456,6.08455156,5.63909774,6.25,9.44584383,8.16062176,2.47933884,3.28022493,9.62772786,8.31973899,27.69830949,8.05369128,7.02151755,7.11206897,6.72748005
2016-11-01,9.04,6.9,11.12,27.9,8.5,8.32,8.69,8.39,24.97,11.2,8.55,6.67,9.77,8.16,9.52,10.02,9.44,0.55617353,-0.57636888,0.0,3.91061453,0.83036773,-0.12004802,0.0,0.47904192,0.68548387,1.63339383,0.11709602,0.45180723,-0.50916497,1.36645963,0.74074074,0.80482897,0.85470085,6.98224852,3.6036036,22.60198456,4.61192351,5.85305106,5.44993663,9.17085427,9.53002611,2.84184514,6.16113744,9.61538462,8.45528455,19.58384333,10.27027027,6.96629213,6.93703308,7.02947846
2016-12-01,9.19,7.13,11.93,27.19,8.58,8.42,8.75,8.55,25.01,11.39,8.55,6.7,9.82,8.21,9.56,10.06,9.5,1.65929204,3.33333333,7.28417266,-2.54480287,0.94117647,1.20192308,0.69044879,1.90703218,0.16019223,1.69642857,0.0,0.44977511,0.51177073,0.6127451,0.42016807,0.3992016,0.63559322,8.50059032,5.62962963,31.53252481,3.97705545,6.4516129,6.17906683,9.78670013,12.20472441,3.26176713,8.06451613,9.47503201,8.58995138,16.48873072,10.49798116,7.29517396,7.47863248,7.70975057
2017-01-01,9.42,7.58,12.21,25.29,8.73,8.57,9.16,8.83,25.31,11.53,8.55,6.77,9.96,8.55,9.62,10.11,9.62,2.50272035,6.31136045,2.34702431,-6.98786318,1.74825175,1.78147268,4.68571429,3.2748538,1.19952019,1.22914838,0.0,1.04477612,1.42566191,4.14129111,0.62761506,0.49701789,1.26315789,9.28074246,7.67045455,22.83702213,3.6900369,6.46341463,6.06435644,12.11750306,15.4248366,3.47506132,8.16135084,9.47503201,8.66773676,12.0359955,12.64822134,7.48603352,7.66773163,8.45546787
2017-02-01,9.49,7.65,12.22,24.44,8.84,8.51,9.36,9.08,25.61,11.5,8.55,6.83,10.03,8.67,9.7,10.19,9.71,0.74309979,0.92348285,0.08190008,-3.36101226,1.26002291,-0.70011669,2.18340611,2.83125708,1.18530225,-0.26019081,0.0,0.88626292,0.70281124,1.40350877,0.83160083,0.79129575,0.93555094,10.09280742,8.81934566,21.71314741,6.77151595,7.41190765,4.80295567,12.63537906,17.769131,4.87305487,8.59301228,9.33503836,8.75796178,8.66738895,12.890625,8.25892857,8.63539446,9.34684685
2017-03-01,9.59,7.79,12.22,24.93,8.88,8.6,9.53,9.13,25.6,11.58,8.63,6.88,9.98,8.81,9.81,10.31,9.79,1.05374078,1.83006536,0.0,2.00490998,0.45248869,1.05757932,1.81623932,0.55066079,-0.03904725,0.69565217,0.93567251,0.73206442,-0.49850449,1.61476355,1.13402062,1.17762512,0.82389289,11.25290023,12.40981241,21.71314741,8.53286896,7.76699029,5.26315789,13.31747919,17.5032175,5.00410172,9.45179584,9.79643766,8.86075949,5.60846561,13.82428941,9.0,9.44798301,9.75336323
2017-04-01,9.71,7.89,12.22,27.2,8.9,8.68,9.58,9.2,25.59,11.72,8.69,6.94,9.38,8.95,9.98,10.51,9.93,1.25130344,1.28369705,0.0,9.10549539,0.22522523,0.93023256,0.52465897,0.76670318,-0.0390625,1.208981,0.69524913,0.87209302,-6.01202405,1.58910329,1.73292559,1.93986421,1.43003064,11.86635945,15.68914956,21.71314741,5.18174787,7.61789601,5.59610706,13.37278107,17.64705882,4.9200492,8.71985158,9.58385876,9.29133858,-3.79487179,15.78266494,9.07103825,9.47916667,9.72375691
2017-05-01,9.76,7.85,12.22,28.82,8.93,8.75,9.6,9.14,25.68,12.21,8.77,7.0,8.79,8.88,10.11,10.65,10.01,0.51493306,-0.50697085,0.0,5.95588235,0.33707865,0.80645161,0.20876827,-0.65217391,0.35169988,4.18088737,0.92059839,0.86455331,-6.28997868,-0.78212291,1.30260521,1.3320647,0.80563948,11.79839633,16.98956781,21.71314741,3.1496063,7.59036145,6.70731707,13.34120425,15.69620253,4.81632653,11.30355515,9.48813983,9.54616588,-10.48879837,13.55498721,9.17926566,9.45529291,9.27947598
2017-06-01,9.73,7.76,12.22,28.47,8.96,8.79,9.61,9.06,25.45,12.36,8.86,7.08,8.73,8.94,10.12,10.66,10.01,-0.30737705,-1.14649682,0.0,-1.21443442,0.33594625,0.45714286,0.10416667,-0.87527352,-0.89563863,1.22850123,1.02622577,1.14285714,-0.68259386,0.67567568,0.09891197,0.09389671,0.0,10.82004556,14.28571429,21.71314741,3.26441785,7.43405276,6.67475728,12.66119578,13.81909548,3.79282219,12.46587807,9.51792336,10.28037383,-10.09268795,13.88535032,9.05172414,9.22131148,9.04139434
2017-07-01,9.75,7.71,12.27,27.47,9.0,8.84,9.65,9.16,25.5,12.59,8.96,7.2,8.7,8.95,10.18,10.71,10.06,0.20554985,-0.6443299,0.4091653,-3.51246927,0.44642857,0.56882821,0.41623309,1.10375276,0.19646365,1.86084142,1.12866817,1.69491525,-0.34364261,0.11185682,0.59288538,0.46904315,0.4995005,9.7972973,10.14285714,14.13953488,3.93492244,7.52688172,7.15151515,11.94895592,15.07537688,2.73972603,13.01615799,10.20910209,10.93990755,-11.76470588,12.57861635,9.46236559,9.62128966,9.34782609
2017-08-01,9.8,7.69,12.27,26.62,9.06,8.99,9.66,9.35,25.49,12.69,9.21,7.27,8.76,9.02,10.24,10.76,10.14,0.51282051,-0.25940337,0.0,-3.09428467,0.66666667,1.69683258,0.10362694,2.07423581,-0.03921569,0.79428118,2.79017857,0.97222222,0.68965517,0.78212291,0.58939096,0.46685341,0.79522863,10.73446328,11.93595342,10.34172662,5.6768559,7.72889417,8.70616687,11.67630058,17.1679198,2.65807491,13.10160428,10.2994012,10.99236641,-10.88504578,12.89111389,10.10752688,10.13306039,10.2173913
2017-09-01,9.86,7.67,12.27,26.83,9.13,9.03,9.7,9.49,25.58,12.69,9.4,7.35,8.73,9.15,10.33,10.86,10.24,0.6122449,-0.26007802,0.0,0.78888054,0.77262693,0.44493882,0.41407867,1.4973262,0.35307964,0.0,2.06297503,1.10041265,-0.34246575,1.44124169,0.87890625,0.92936803,0.98619329,11.16121759,12.46334311,10.34172662,10.36610448,8.04733728,9.05797101,11.88004614,15.87301587,2.93762575,13.60787825,10.45828437,11.53262519,-10.82737487,14.08977556,10.83690987,11.04294479,10.82251082
2017-10-01,10.07,7.82,12.27,29.92,9.22,9.3,9.75,9.73,25.55,12.35,9.43,7.4,8.77,9.23,10.56,11.11,10.46,2.12981744,1.95567145,0.0,11.51695863,0.98576123,2.99003322,0.51546392,2.52897787,-0.11727912,-2.67927502,0.31914894,0.68027211,0.45819015,0.87431694,2.22652469,2.30202578,2.1484375,12.01334816,12.68011527,10.34172662,11.43389199,9.371293,11.64465786,12.19792865,16.52694611,3.02419355,12.06896552,10.42154567,11.44578313,-10.69246436,14.65838509,11.74603175,11.77062374,11.75213675
2017-11-01,10.22,7.99,12.27,31.05,9.33,9.39,9.77,9.93,25.68,12.3,9.44,7.43,8.85,9.41,10.68,11.23,10.6,1.48957299,2.17391304,0.0,3.77673797,1.19305857,0.96774194,0.20512821,2.05549846,0.50880626,-0.4048583,0.10604454,0.40540541,0.91220068,1.95016251,1.13636364,1.08010801,1.33843212,13.05309735,15.79710145,10.34172662,11.29032258,9.76470588,12.86057692,12.42807825,18.35518474,2.84341209,9.82142857,10.40935673,11.39430285,-9.41658137,15.31862745,12.18487395,12.0758483,12.28813559
2017-12-01,10.29,8.11,12.27,30.3,9.41,9.5,9.79,10.09,25.64,12.32,9.44,7.47,8.82,9.41,10.73,11.29,10.65,0.68493151,1.50187735,0.0,-2.41545894,0.85744909,1.171459,0.20470829,1.61127895,-0.15576324,0.16260163,0.0,0.53835801,-0.33898305,0.0,0.46816479,0.53428317,0.47169811,11.9695321,13.74474053,2.84995809,11.43802869,9.67365967,12.82660333,11.88571429,18.01169591,2.5189924,8.16505707,10.40935673,11.49253731,-10.18329939,14.61632156,12.23849372,12.22664016,12.10526316
2018-01-01,10.39,8.25,12.32,28.48,9.63,9.73,10.03,10.24,25.53,12.46,9.46,7.54,9.47,9.61,10.8,11.35,10.76,0.9718173,1.72626387,0.40749796,-6.00660066,2.33793836,2.42105263,2.4514811,1.48662042,-0.42901716,1.13636364,0.21186441,0.93708166,7.36961451,2.12539851,0.65237651,0.53144376,1.03286385,10.29723992,8.83905013,0.9009009,12.6136813,10.30927835,13.53558926,9.49781659,15.96828992,0.86922165,8.065915,10.64327485,11.37370753,-4.91967871,12.39766082,12.26611227,12.26508408,11.85031185
2018-02-01,10.47,8.43,12.32,27.32,9.68,9.85,10.29,10.27,25.59,12.52,9.48,7.61,9.54,9.8,10.89,11.4,10.82,0.76997113,2.18181818,0.0,-4.07303371,0.5192108,1.23329908,2.59222333,0.29296875,0.23501763,0.48154093,0.21141649,0.92838196,0.73917635,1.97710718,0.83333333,0.44052863,0.55762082,10.32665964,10.19607843,0.81833061,11.78396072,9.50226244,15.74618096,9.93589744,13.10572687,-0.07809449,8.86956522,10.87719298,11.42020498,-4.88534397,13.03344867,12.26804124,11.87438665,11.4315139
2018-03-01,10.57,8.6,12.32,27.6,9.72,9.92,10.48,10.35,25.6,12.63,9.57,7.68,9.66,9.86,10.99,11.49,10.91,0.95510984,2.01660735,0.0,1.02489019,0.41322314,0.7106599,1.84645287,0.77896787,0.03907776,0.87859425,0.94936709,0.91984231,1.25786164,0.6122449,0.91827365,0.78947368,0.83179298,10.2189781,10.39794608,0.81833061,10.70998797,9.45945946,15.34883721,9.96852046,13.36254107,0.0,9.06735751,10.89223638,11.62790698,-3.20641283,11.91827469,12.0285423,11.44519884,11.44024515
2018-04-01,10.77,8.58,12.33,30.47,9.84,10.13,10.53,10.71,25.58,12.98,9.64,7.77,9.65,10.11,11.24,11.79,11.17,1.89214759,-0.23255814,0.08116883,10.39855072,1.2345679,2.11693548,0.47709924,3.47826087,-0.078125,2.77117973,0.73145246,1.171875,-0.10351967,2.53549696,2.27479527,2.61096606,2.38313474,10.91658084,8.74524715,0.90016367,12.02205882,10.56179775,16.70506912,9.91649269,16.41304348,-0.03907776,10.75085324,10.93210587,11.95965418,2.87846482,12.96089385,12.6252505,12.17887726,12.48741188
2018-05-01,10.94,8.71,12.34,32.06,9.94,10.22,10.57,10.96,25.7,13.18,9.74,7.88,9.72,10.32,11.4,11.99,11.34,1.57845868,1.51515152,0.081103,5.21824746,1.01626016,0.88845015,0.37986705,2.33426704,0.4691165,1.54083205,1.0373444,1.41570142,0.7253886,2.07715134,1.42348754,1.69635284,1.52193375,12.09016393,10.95541401,0.98199673,11.24219292,11.31019037,16.8,10.10416667,19.91247265,0.07788162,7.94430794,11.0604333,12.57142857,10.58020478,16.21621622,12.75964392,12.58215962,13.28671329
2018-06-01,11.23,9.23,12.35,31.69,10.04,10.45,10.65,11.24,26.8,13.46,9.82,8.02,9.85,10.51,11.6,12.21,11.53,2.65082267,5.97014925,0.08103728,-1.15408609,1.00603622,2.25048924,0.75685904,2.55474453,4.28015564,2.12443096,0.82135524,1.77664975,1.33744856,1.84108527,1.75438596,1.83486239,1.67548501,15.41623844,18.94329897,1.06382979,11.31015104,12.05357143,18.8850967,10.82206035,24.06181015,5.30451866,8.89967638,10.83521445,13.27683616,12.82932417,17.56152125,14.62450593,14.54033771,15.18481518
2018-07-01,11.29,9.2,12.44,30.72,10.15,10.64,10.78,11.36,26.8,13.78,9.92,8.2,10.01,10.56,11.71,12.32,11.63,0.53428317,-0.32502709,0.72874494,-3.06090249,1.09561753,1.81818182,1.22065728,1.06761566,0.0,2.37741456,1.01832994,2.24438903,1.62436548,0.47573739,0.94827586,0.9009009,0.86730269,15.79487179,19.32555123,1.38549307,11.83108846,12.77777778,20.36199095,11.70984456,24.01746725,5.09803922,9.45194599,10.71428571,13.88888889,15.05747126,17.98882682,15.02946955,15.03267974,15.60636183
2018-08-01,11.55,9.21,12.49,30.23,10.54,11.13,10.88,11.86,27.61,14.06,10.0,8.35,10.24,11.2,11.98,12.61,11.98,2.30292294,0.10869565,0.40192926,-1.59505208,3.84236453,4.60526316,0.92764378,4.40140845,3.02238806,2.03193033,0.80645161,1.82926829,2.2977023,6.06060606,2.30572161,2.3538961,3.0094583,17.85714286,19.76592978,1.79299104,13.56123216,16.33554084,23.80422692,12.62939959,26.84491979,8.31698705,10.79590229,8.57763301,14.85557084,16.89497717,24.16851441,16.9921875,17.19330855,18.14595661
2018-09-01,12.28,9.8,12.5,31.43,11.13,12.4,11.13,12.93,28.65,14.63,10.4,8.75,10.68,12.06,12.78,13.47,12.77,6.32034632,6.40608035,0.08006405,3.96956666,5.59772296,11.41060198,2.29779412,9.02192243,3.76675118,4.05405405,4.0,4.79041916,4.296875,7.67857143,6.67779633,6.81998414,6.59432387,24.54361055,27.77053455,1.87449063,17.14498695,21.90580504,37.3200443,14.74226804,36.24868282,12.00156372,15.28762805,10.63829787,19.04761905,22.33676976,31.80327869,23.71732817,24.03314917,24.70703125
2018-10-01,12.61,10.11,12.52,35.44,11.59,12.82,11.29,12.82,29.22,14.99,10.4,8.88,11.21,12.24,13.14,13.82,13.13,2.68729642,3.16326531,0.16,12.75851098,4.13297394,3.38709677,1.43755615,-0.85073473,1.9895288,2.4606972,0.0,1.48571429,4.96254682,1.49253731,2.81690141,2.59836674,2.81910728,25.22343595,29.28388747,2.03748981,18.44919786,25.70498915,37.84946237,15.79487179,31.75745118,14.36399217,21.37651822,10.28632025,20.0,27.82212087,32.61105092,24.43181818,24.39243924,25.52581262
2018-11-01,12.42,10.04,12.55,36.28,11.65,12.45,11.36,12.01,28.71,14.91,10.4,8.92,11.11,12.12,12.94,13.56,12.94,-1.50674068,-0.69238378,0.23961661,2.37020316,0.51768766,-2.88611544,0.62001771,-6.31825273,-1.74537988,-0.53368913,0.0,0.45045045,-0.89206066,-0.98039216,-1.52207002,-1.8813314,-1.44706778,21.52641879,25.65707134,2.28198859,16.84380032,24.86602358,32.58785942,16.27430911,20.94662638,11.79906542,21.2195122,10.16949153,20.0538358,25.53672316,28.79914984,21.16104869,20.74799644,22.0754717
2018-12-01,12.37,10.15,12.57,34.8,11.64,12.47,11.43,11.7,28.72,14.81,10.4,8.95,11.1,12.22,12.89,13.5,12.83,-0.40257649,1.09561753,0.15936255,-4.07938258,-0.08583691,0.16064257,0.61619718,-2.58118235,0.03483107,-0.67069081,0.0,0.33632287,-0.090009,0.82508251,-0.38639876,-0.44247788,-0.85007728,20.21379981,25.1541307,2.44498778,14.85148515,23.69819341,31.26315789,16.75178754,15.95639247,12.0124805,20.21103896,10.16949153,19.81258367,25.85034014,29.8618491,20.1304753,19.574845,20.46948357
2019-01-01,12.51,10.8,12.64,32.03,11.28,12.55,11.83,11.76,28.95,15.02,10.41,9.04,11.51,12.7,12.92,13.5,12.78,1.13177041,6.40394089,0.55688146,-7.95977011,-3.09278351,0.6415397,3.49956255,0.51282051,0.80083565,1.41796084,0.09615385,1.00558659,3.69369369,3.92798691,0.23273856,0.0,-0.38971161,20.40423484,30.90909091,2.5974026,12.46488764,17.13395639,28.98252826,17.94616152,14.84375,13.3960047,20.54574639,10.0422833,19.8938992,21.54171067,32.15400624,19.62962963,18.94273128,18.7732342
2019-02-01,12.53,10.9,12.66,30.49,11.29,12.56,12.13,11.84,28.82,15.03,10.58,9.12,11.63,12.62,12.9,13.47,12.78,0.1598721,0.92592593,0.15822785,-4.80799251,0.08865248,0.07968127,2.53592561,0.68027211,-0.44905009,0.0665779,1.63304515,0.88495575,1.04257168,-0.62992126,-0.15479876,-0.22222222,0.0,19.67526266,29.30011862,2.75974026,11.60322108,16.6322314,27.51269036,17.88143829,15.2872444,12.62211801,20.04792332,11.60337553,19.84231275,21.90775681,28.7755102,18.45730028,18.15789474,18.11460259
2019-03-01,12.65,11.16,12.66,30.63,11.32,12.6,12.55,11.93,28.68,15.16,10.74,9.18,11.8,12.69,12.93,13.51,12.85,0.95770152,2.3853211,0.0,0.45916694,0.26572188,0.31847134,3.46248969,0.76013514,-0.48577377,0.86493679,1.51228733,0.65789474,1.46173689,0.55467512,0.23255814,0.2969562,0.54773083,19.67833491,29.76744186,2.75974026,10.97826087,16.46090535,27.01612903,19.7519084,15.26570048,12.03125,20.03167063,12.22570533,19.53125,22.15320911,28.70182556,17.65241128,17.58050479,17.78185151
2019-04-01,12.87,11.32,13.52,32.27,11.36,12.93,12.61,12.07,28.64,15.38,10.87,9.29,11.91,12.95,13.12,13.72,13.03,1.73913043,1.43369176,6.79304897,5.35422788,0.35335689,2.61904762,0.47808765,1.17351215,-0.13947001,1.45118734,1.21042831,1.19825708,0.93220339,2.04885737,1.46945089,1.55440415,1.40077821,19.49860724,31.93473193,9.6512571,5.90744995,15.44715447,27.64067127,19.75308642,12.6984127,11.96247068,18.48998459,12.7593361,19.56241956,23.41968912,28.09099901,16.72597865,16.36980492,16.65174575
2019-05-01,12.99,11.19,14.72,33.59,11.4,12.72,12.61,12.33,28.69,15.79,11.02,9.44,12.0,13.15,13.33,13.9,13.22,0.93240093,-1.14840989,8.87573964,4.09048652,0.35211268,-1.62412993,0.0,2.15410108,0.17458101,2.66579974,1.3799448,1.6146394,0.75566751,1.54440154,1.60060976,1.31195335,1.45817345,18.73857404,28.47301952,19.28687196,4.77230193,14.68812877,24.46183953,19.29990539,12.5,11.63424125,19.80273141,13.14168378,19.79695431,23.45679012,27.42248062,16.92982456,15.92994162,16.57848325
2019-06-01,12.99,11.0,14.72,33.07,11.43,12.8,12.68,12.39,28.69,15.87,11.18,9.69,12.05,13.41,13.49,14.03,13.33,0.0,-1.69794459,0.0,-1.54807979,0.26315789,0.62893082,0.55511499,0.486618,0.0,0.50664978,1.45190563,2.64830508,0.41666667,1.97718631,1.20030008,0.9352518,0.83207262,15.67230632,19.17659805,19.1902834,4.35468602,13.84462151,22.48803828,19.06103286,10.23131673,7.05223881,17.90490342,13.84928717,20.82294264,22.33502538,27.59276879,16.29310345,14.90581491,15.6114484
2019-07-01,13.17,10.88,14.83,32.01,11.79,13.34,12.72,12.93,28.89,16.24,11.28,9.82,12.13,13.49,13.76,14.32,13.62,1.38568129,-1.09090909,0.74728261,-3.20532204,3.1496063,4.21875,0.31545741,4.35835351,0.69710701,2.33144297,0.89445438,1.34158927,0.66390041,0.59656972,2.00148258,2.06699929,2.17554389,16.65190434,18.26086957,19.21221865,4.19921875,16.15763547,25.37593985,17.99628942,13.82042254,7.79850746,17.85195936,13.70967742,19.75609756,21.17882118,27.74621212,17.50640478,16.23376623,17.11092003
2019-08-01,13.28,10.8,17.67,31.65,12.03,13.36,12.78,12.69,28.92,16.34,11.76,9.9,12.26,13.61,13.78,14.33,13.66,0.83523159,-0.73529412,19.15037087,-1.12464855,2.03562341,0.14992504,0.47169811,-1.85614849,0.10384216,0.61576355,4.25531915,0.81466395,1.071723,0.88954781,0.14534884,0.0698324,0.29368576,14.97835498,17.26384365,41.47317854,4.69732054,14.13662239,20.0359389,17.46323529,6.99831366,4.74465773,16.21621622,17.6,18.56287425,19.7265625,21.51785714,15.02504174,13.63996828,14.02337229
2019-09-01,13.42,10.73,17.98,32.33,12.28,13.47,12.84,12.89,28.88,16.23,11.86,10.05,12.42,13.9,13.92,14.48,13.84,1.05421687,-0.64814815,1.75438596,2.14849921,2.07813799,0.82335329,0.46948357,1.57604413,-0.13831259,-0.67319461,0.85034014,1.51515152,1.3050571,2.13078619,1.01596517,1.04675506,1.31771596,9.28338762,9.48979592,43.84,2.8635062,10.33243486,8.62903226,15.3638814,-0.30935808,0.80279232,10.93643199,14.03846154,14.85714286,16.29213483,15.25704809,8.92018779,7.49814402,8.37901331
2019-10-01,13.68,10.91,17.99,36.11,12.72,13.6,12.9,13.03,29.14,16.17,11.88,10.1,12.45,13.94,14.14,14.74,14.12,1.93740686,1.67753961,0.05561735,11.691927,3.58306189,0.96510765,0.46728972,1.08611327,0.90027701,-0.36968577,0.16863406,0.49751244,0.24154589,0.28776978,1.58045977,1.79558011,2.02312139,8.4853291,7.91295747,43.69009585,1.89051919,9.7497843,6.08424337,14.26040744,1.63806552,-0.27378508,7.87191461,14.23076923,13.73873874,11.06155219,13.88888889,7.61035008,6.65701881,7.53998477
2019-11-01,13.74,10.93,17.99,37.08,12.76,13.68,12.93,13.08,29.15,16.28,11.9,10.09,12.38,13.88,14.22,14.81,14.19,0.43859649,0.18331806,0.0,2.6862365,0.31446541,0.58823529,0.23255814,0.38372985,0.03431709,0.68027211,0.16835017,-0.0990099,-0.562249,-0.43041607,0.56577086,0.47489824,0.49575071,10.62801932,8.86454183,43.34661355,2.20507166,9.527897,9.87951807,13.82042254,8.9092423,1.53256705,9.18846412,14.42307692,13.11659193,11.43114311,14.52145215,9.89180835,9.21828909,9.65996909
2019-12-01,13.84,11.25,17.99,36.37,12.79,13.69,12.98,13.15,29.22,16.25,11.91,10.13,12.29,13.94,14.28,14.82,14.25,0.72780204,2.92772187,0.0,-1.91477886,0.23510972,0.07309942,0.3866976,0.5351682,0.24013722,-0.18427518,0.08403361,0.39643211,-0.726979,0.43227666,0.42194093,0.06752194,0.42283298,11.88358933,10.83743842,43.1185362,4.51149425,9.87972509,9.78348035,13.5608049,12.39316239,1.74094708,9.72316003,14.51923077,13.18435754,10.72072072,14.07528642,10.78355314,9.77777778,11.06780982
2020-01-01,14.03,11.78,17.98,33.95,12.95,13.49,13.5,13.31,29.27,16.39,11.99,10.27,12.7,14.56,14.33,14.84,14.33,1.37283237,4.71111111,-0.05558644,-6.65383558,1.25097733,-1.46092038,4.00616333,1.21673004,0.17111567,0.86153846,0.67170445,1.38203356,3.33604557,4.44763271,0.35014006,0.13495277,0.56140351,12.15027978,9.07407407,42.24683544,5.99438027,14.80496454,7.49003984,14.11665258,13.18027211,1.10535406,9.12117177,15.17771374,13.60619469,10.33883579,14.64566929,10.91331269,9.92592593,12.12832551
2020-02-01,14.07,12.05,17.74,32.31,13.01,13.48,13.77,13.26,29.19,16.37,12.09,10.35,12.56,14.71,14.33,14.81,14.33,0.28510335,2.29202037,-1.33481646,-4.83063328,0.46332046,-0.07412898,2.0,-0.3756574,-0.27331739,-0.12202563,0.83402836,0.77896787,-1.1023622,1.03021978,0.0,-0.20215633,0.0,12.29050279,10.55045872,40.12638231,5.96917022,15.23472099,7.32484076,13.52019786,11.99324324,1.28383067,8.91550233,14.27221172,13.48684211,7.99656062,16.56101426,11.08527132,9.94803267,12.12832551
2020-03-01,14.15,12.28,17.75,32.52,13.04,13.57,14.16,13.01,29.24,16.52,12.17,10.44,12.29,14.92,14.44,14.92,14.36,0.56858564,1.90871369,0.05636979,0.64995357,0.23059185,0.66765579,2.83224401,-1.88536953,0.17129154,0.91631032,0.66170389,0.86956522,-2.14968153,1.42760027,0.76762038,0.74274139,0.20935101,11.85770751,10.03584229,40.20537125,6.17042116,15.19434629,7.6984127,12.82868526,9.05280805,1.9525802,8.97097625,13.31471136,13.7254902,4.15254237,17.57289204,11.67826759,10.43671355,11.75097276
2020-04-01,14.28,12.6,17.75,33.85,13.0,13.71,14.23,12.78,28.97,16.33,12.21,10.45,12.21,15.67,14.6,15.08,14.44,0.91872792,2.60586319,0.0,4.0897909,-0.30674847,1.03168755,0.49435028,-1.76787087,-0.92339261,-1.15012107,0.32867707,0.09578544,-0.65093572,5.02680965,1.10803324,1.07238606,0.55710306,10.95571096,11.30742049,31.28698225,4.89618841,14.43661972,6.0324826,12.84694687,5.88235294,1.15223464,6.17685306,12.3275069,12.48654467,2.51889169,21.003861,11.2804878,9.91253644,10.82118189
2020-05-01,14.47,12.63,17.87,36.17,13.05,13.87,14.26,13.19,29.37,16.44,12.25,10.47,12.17,15.99,14.82,15.33,14.68,1.33053221,0.23809524,0.67605634,6.85376662,0.38461538,1.16703136,0.21082221,3.20813772,1.3807387,0.67360686,0.32760033,0.19138756,-0.32760033,2.0421187,1.50684932,1.65782493,1.66204986,11.39337952,12.86863271,21.39945652,7.6808574,14.47368421,9.0408805,13.08485329,6.97485807,2.37016382,4.11652945,11.1615245,10.91101695,1.41666667,21.59695817,11.17779445,10.28776978,11.04387292
2020-06-01,14.63,12.42,18.02,36.59,13.14,14.05,14.4,13.77,29.97,16.95,12.49,10.77,12.15,16.16,15.1,15.66,14.95,1.10573601,-1.66270784,0.83939564,1.1611833,0.68965517,1.29776496,0.98176718,4.39727066,2.04290092,3.10218978,1.95918367,2.86532951,-0.16433854,1.06316448,1.88933873,2.15264188,1.83923706,12.62509623,12.90909091,22.41847826,10.6440883,14.96062992,9.765625,13.56466877,11.13801453,4.46148484,6.80529301,11.71735242,11.14551084,0.82987552,20.50708427,11.93476649,11.61796151,12.15303826
2020-07-01,14.72,12.26,18.06,35.32,13.26,14.38,14.52,14.1,30.41,17.26,12.7,10.9,11.97,16.58,15.2,15.79,15.11,0.6151743,-1.28824477,0.22197558,-3.47089369,0.91324201,2.34875445,0.83333333,2.39651416,1.4681348,1.82890855,1.68134508,1.20705664,-1.48148148,2.5990099,0.66225166,0.83014049,1.07023411,11.76917236,12.68382353,21.78017532,10.34051859,12.46819338,7.79610195,14.1509434,9.0487239,5.2613361,6.28078818,12.58865248,10.99796334,-1.31904369,22.90585619,10.46511628,10.26536313,10.93979442
2020-08-01,14.85,12.25,18.1,34.57,13.39,14.55,14.65,14.32,30.58,17.49,12.76,11.07,11.98,17.47,15.32,15.91,15.29,0.88315217,-0.08156607,0.22148394,-2.12344281,0.98039216,1.1821975,0.8953168,1.56028369,0.55902664,1.33256083,0.47244094,1.55963303,0.08354219,5.36791315,0.78947368,0.75997467,1.19126406,11.82228916,13.42592593,2.43350311,9.22590837,11.30507066,8.90718563,14.63223787,12.84475965,5.73997234,7.0379437,8.50340136,11.81818182,-2.28384992,28.3614989,11.17561684,11.02581996,11.93265007
2020-09-01,14.99,12.33,18.11,34.56,13.51,15.0,14.78,14.57,30.8,17.53,12.75,11.15,12.25,17.57,15.53,16.12,15.47,0.94276094,0.65306122,0.05524862,-0.02892682,0.89619119,3.09278351,0.88737201,1.74581006,0.71942446,0.22870212,-0.07836991,0.72267389,2.25375626,0.57240985,1.37075718,1.31992458,1.17724003,11.69895678,14.91146319,0.72302558,6.89761831,10.01628664,11.35857461,15.10903427,13.03335919,6.64819945,8.00985829,7.50421585,10.94527363,-1.36876006,26.4028777,11.56609195,11.32596685,11.77745665
2020-10-01,15.31,12.71,18.1,36.91,13.78,15.36,14.91,14.87,30.98,17.37,12.75,11.23,12.39,17.94,15.84,16.43,15.79,2.1347565,3.08191403,-0.05521811,6.79976852,1.99851962,2.4,0.87956698,2.05902539,0.58441558,-0.91272105,0.0,0.71748879,1.14285714,2.10586227,1.99613651,1.92307692,2.06851972,11.91520468,16.49862511,0.61145081,2.21545278,8.33333333,12.94117647,15.58139535,14.12125863,6.31434454,7.42115028,7.32323232,11.18811881,-0.48192771,28.69440459,12.02263083,11.46540027,11.82719547
2020-11-01,15.66,13.24,18.11,37.45,13.93,15.62,15.03,15.52,31.19,17.55,12.73,11.35,12.48,18.15,16.17,16.78,16.09,2.28608752,4.16994493,0.05524862,1.46301815,1.08853411,1.69270833,0.80482897,4.37121722,0.67785668,1.03626943,-0.15686275,1.06856634,0.72639225,1.17056856,2.08333333,2.13024954,1.89993667,13.97379913,21.13449222,0.66703724,0.9978425,9.169279,14.18128655,16.2412993,18.65443425,6.99828473,7.8009828,6.97478992,12.4876115,0.80775444,30.76368876,13.71308017,13.30182309,13.38971106
2020-12-01,15.86,13.57,18.1,36.26,14.02,16.17,15.15,15.93,31.44,17.52,12.72,11.41,12.59,18.03,16.35,16.94,16.26,1.27713921,2.49244713,-0.05521811,-3.17757009,0.64608758,3.52112676,0.79840319,2.64175258,0.80153895,-0.17094017,-0.0785546,0.52863436,0.88141026,-0.66115702,1.11317254,0.95351609,1.05655687,14.59537572,20.62222222,0.61145081,-0.30244707,9.61688819,18.11541271,16.71802773,21.14068441,7.59753593,7.81538462,6.80100756,12.63573544,2.44100895,29.34002869,14.49579832,14.30499325,14.10526316
2021-01-01,16.13,13.91,18.22,34.67,14.45,16.64,15.79,16.12,31.58,17.76,12.72,11.59,12.91,18.32,16.62,17.14,16.56,1.70239596,2.5055269,0.66298343,-4.38499724,3.06704708,2.90661719,4.22442244,1.19271814,0.44529262,1.36986301,0.0,1.57756354,2.54169976,1.60843039,1.65137615,1.18063754,1.84501845,14.96792587,18.08149406,1.33481646,2.12076583,11.58301158,23.3506301,16.96296296,21.11194591,7.89203963,8.35875534,6.08840701,12.85296981,1.65354331,25.82417582,15.98046057,15.49865229,15.56175855
2021-02-01,16.27,14.27,18.25,34.35,14.53,16.69,16.27,16.2,31.73,17.47,12.83,11.74,12.57,17.89,16.75,17.21,16.66,0.86794792,2.58806614,0.16465423,-0.92298817,0.55363322,0.30048077,3.03989867,0.49627792,0.47498417,-1.63288288,0.86477987,1.29421915,-2.63361735,-2.34716157,0.78219013,0.4084014,0.60386473,15.63610519,18.42323651,2.87485908,6.31383473,11.68332052,23.81305638,18.15541031,22.1719457,8.70161014,6.71960904,6.12076096,13.42995169,0.07961783,21.61794697,16.88764829,16.20526671,16.25959525
2021-03-01,16.45,14.43,18.26,34.94,14.63,16.78,16.87,16.2,31.94,18.01,13.19,12.05,12.39,18.29,16.96,17.44,16.85,1.10633067,1.12123336,0.05479452,1.71761281,0.68823125,0.53924506,3.6877689,0.0,0.66183423,3.09101317,2.80592362,2.64054514,-1.43198091,2.23588597,1.25373134,1.33643231,1.14045618,16.25441696,17.50814332,2.87323944,7.44157442,12.19325153,23.65512159,19.13841808,24.51960031,9.23392613,9.01937046,8.38126541,15.42145594,0.81366965,22.58713137,17.45152355,16.89008043,17.33983287
2021-04-01,16.72,14.73,18.39,37.59,14.77,16.77,16.96,16.47,32.02,18.19,13.46,12.21,12.22,18.67,17.24,17.76,17.09,1.64133739,2.07900208,0.71193866,7.58443045,0.9569378,-0.05959476,0.5334914,1.66666667,0.25046963,0.99944475,2.04700531,1.32780083,-1.37207425,2.07763805,1.6509434,1.83486239,1.42433234,17.08683473,16.9047619,3.6056338,11.04874446,13.61538462,22.31947484,19.1848208,28.87323944,10.52813255,11.39007961,10.23751024,16.84210526,0.08190008,19.1448628,18.08219178,17.77188329,18.35180055
2021-05-01,16.87,14.78,18.39,38.25,14.89,16.9,17.01,16.88,32.12,17.87,13.54,12.33,12.31,18.99,17.41,17.94,17.29,0.89712919,0.33944331,0.0,1.75578611,0.81245768,0.7751938,0.29481132,2.48937462,0.31230481,-1.75920836,0.59435364,0.98280098,0.73649755,1.71397965,0.98607889,1.01351351,1.17027501,16.58604008,17.0229612,2.90990487,5.75062206,14.09961686,21.84571017,19.28471248,27.9757392,9.36329588,8.69829684,10.53061224,17.76504298,1.15036976,18.76172608,17.47638327,17.02544031,17.77929155
2021-06-01,17.2,14.91,18.38,39.17,15.06,17.66,17.15,17.35,32.38,18.88,13.84,12.8,12.54,19.52,17.84,18.39,17.7,1.95613515,0.87956698,-0.05437738,2.40522876,1.14170584,4.49704142,0.82304527,2.78436019,0.80946451,5.65193061,2.21565731,3.81184104,1.86839968,2.7909426,2.46984492,2.5083612,2.3713129,17.56664388,20.04830918,1.99778024,7.05110686,14.61187215,25.69395018,19.09722222,25.99854757,8.04137471,11.38643068,10.80864692,18.84865367,3.20987654,20.79207921,18.14569536,17.43295019,18.39464883
2021-07-01,17.51,15.32,18.39,38.33,15.83,17.64,17.22,17.53,32.47,19.18,14.05,13.14,12.4,19.56,18.02,18.51,18.01,1.80232558,2.74983233,0.05440696,-2.14449834,5.11288181,-0.11325028,0.40816327,1.03746398,0.27794935,1.58898305,1.51734104,2.65625,-1.11642743,0.20491803,1.00896861,0.65252855,1.75141243,18.95380435,24.95921697,1.82724252,8.52208381,19.38159879,22.67037552,18.59504132,24.32624113,6.77408747,11.1239861,10.62992126,20.55045872,3.59231412,17.973462,18.55263158,17.22609246,19.19258769
2021-08-01,17.71,15.81,18.42,37.15,15.98,17.89,17.27,17.4,32.72,19.49,14.13,13.44,12.45,19.81,18.15,18.58,18.13,1.14220445,3.19843342,0.16313214,-3.07852857,0.94756791,1.41723356,0.29036005,-0.74158585,0.76994148,1.61626694,0.56939502,2.28310502,0.40322581,1.27811861,0.72142064,0.37817396,0.6662965,19.25925926,29.06122449,1.7679558,7.46311831,19.34279313,22.95532646,17.88395904,21.50837989,6.99803793,11.43510577,10.73667712,21.40921409,3.92320534,13.39439038,18.47258486,16.78189818,18.57423152
2021-09-01,17.93,15.89,18.43,37.09,16.35,18.48,17.36,17.49,32.88,19.77,14.86,13.74,12.54,20.12,18.42,18.86,18.42,1.24223602,0.50600886,0.05428882,-0.1615074,2.31539424,3.29793181,0.52113492,0.51724138,0.48899756,1.43663417,5.16631281,2.23214286,0.72289157,1.56486623,1.48760331,1.50699677,1.59955874,19.61307538,28.87266829,1.76697957,7.32060185,21.02146558,23.2,17.45602165,20.04118051,6.75324675,12.77809469,16.54901961,23.22869955,2.36734694,14.51337507,18.60914359,16.99751861,19.06916613
2021-10-01,18.36,16.19,19.53,39.9,16.72,18.9,17.48,17.91,33.17,19.65,14.89,14.06,12.98,20.46,18.76,19.2,18.85,2.39821528,1.88797986,5.96852957,7.57616608,2.26299694,2.27272727,0.69124424,2.40137221,0.88199513,-0.60698027,0.20188425,2.32896652,3.50877193,1.68986083,1.84581976,1.80275716,2.33441911,19.92161986,27.38001574,7.90055249,8.10078569,21.33526851,23.046875,17.23675386,20.44384667,7.06907682,13.12607945,16.78431373,25.20035619,4.76190476,14.04682274,18.43434343,16.85940353,19.37935402
2021-11-01,19.0,16.83,19.54,40.57,17.25,19.55,17.63,19.03,33.38,20.27,14.9,14.64,13.7,21.58,19.37,19.73,19.56,3.48583878,3.95305744,0.05120328,1.67919799,3.16985646,3.43915344,0.85812357,6.25348967,0.6331022,3.15521628,0.06715917,4.12517781,5.54699538,5.4740958,3.25159915,2.76041667,3.76657825,21.32822478,27.11480363,7.89618995,8.33110814,23.83345298,25.16005122,17.29873586,22.61597938,7.02148124,15.4985755,17.04634721,28.98678414,9.77564103,18.89807163,19.78973408,17.58045292,21.56619018
2021-12-01,21.58,19.52,21.73,43.56,18.04,22.78,18.26,24.4,35.33,21.88,14.92,16.07,17.24,24.47,22.06,22.35,22.19,13.57894737,15.98336304,11.20777892,7.36997782,4.57971014,16.52173913,3.57345434,28.21860221,5.84182145,7.94277257,0.13422819,9.76775956,25.83941606,13.39202966,13.88745483,13.27927015,13.44580777,36.06557377,43.84672071,20.05524862,20.13237728,28.67332382,40.87816945,20.52805281,53.17011927,12.37277354,24.88584475,17.29559748,40.84136722,36.93407466,35.71824737,34.9235474,31.93624557,36.4698647
2022-01-01,23.98,21.64,26.49,43.45,21.44,25.7,20.31,27.17,36.78,23.6,15.09,17.43,18.64,26.23,23.71,23.9,24.5,11.12140871,10.86065574,21.90520018,-0.25252525,18.84700665,12.81826163,11.22672508,11.35245902,4.10416077,7.86106033,1.13941019,8.46297449,8.12064965,7.19248059,7.47960109,6.93512304,10.41009464,48.66707998,55.57153127,45.38968167,25.32448803,48.37370242,54.44711538,28.62571248,68.5483871,16.4661178,32.88288288,18.63207547,50.38826575,44.3841983,43.1768559,42.65944645,39.43990665,47.9468599
2022-02-01,25.13,23.46,26.6,43.58,21.77,27.51,21.61,28.4,37.36,24.42,15.68,18.22,20.24,27.81,24.63,24.79,25.45,4.79566305,8.4103512,0.41525104,0.29919448,1.5391791,7.04280156,6.40078779,4.5270519,1.57694399,3.47457627,3.90987409,4.53241538,8.58369099,6.02363706,3.88021932,3.72384937,3.87755102,54.45605409,64.40084093,45.75342466,26.87045124,49.82794219,64.82923907,32.82114321,75.30864198,17.74346045,39.78248426,22.21356196,55.19591141,61.01829753,55.44997205,47.04477612,44.04416037,52.76110444
2022-03-01,26.5,24.57,27.65,44.36,22.17,28.4,22.76,32.14,38.4,25.49,16.71,19.32,21.09,29.21,25.67,25.88,26.85,5.45165141,4.7314578,3.94736842,1.78981184,1.8373909,3.2351872,5.32161037,13.16901408,2.78372591,4.38165438,6.56887755,6.03732162,4.19960474,5.03416037,4.22249289,4.39693425,5.50098232,61.09422492,70.27027027,51.42387733,26.96050372,51.53793575,69.24910608,34.91404861,98.39506173,20.22542267,41.53248195,26.686884,60.33195021,70.21791768,59.7047567,51.35613208,48.39449541,59.34718101
2022-04-01,28.42,27.86,28.76,47.45,23.81,29.79,23.06,33.77,39.24,26.79,17.19,20.67,22.61,29.39,27.11,27.06,28.43,7.24528302,13.39031339,4.01446655,6.9657349,7.39738385,4.8943662,1.31810193,5.07156192,2.1875,5.10003923,2.87253142,6.98757764,7.20720721,0.61622732,5.60966108,4.55950541,5.88454376,69.97607656,89.13781399,56.38934203,26.23038042,61.20514557,77.63864043,35.96698113,105.0394657,22.54840725,47.27872457,27.71173848,69.28746929,85.02454992,57.41831816,57.25058005,52.36486486,66.35459333
2022-05-01,29.27,28.32,30.64,49.65,24.35,30.76,23.43,34.92,39.76,28.15,17.26,21.8,23.86,30.77,28.15,27.99,29.46,2.99085151,1.65111271,6.53685675,4.63645943,2.26795464,3.25612622,1.60450997,3.4053894,1.32517839,5.07652109,0.4072135,5.46686018,5.5285272,4.69547465,3.8362228,3.4368071,3.62293352,73.50326023,91.61028417,66.61228929,29.80392157,63.5325722,82.01183432,37.74250441,106.87203791,23.78580324,57.52658086,27.47415066,76.80454177,93.8261576,62.03264876,61.68868466,56.02006689,70.38750723
2022-06-01,30.72,28.91,31.44,49.74,26.38,31.98,23.89,38.58,40.81,29.09,17.68,22.98,28.47,31.89,29.33,28.92,31.37,4.95387769,2.08333333,2.61096606,0.18126888,8.33675565,3.96618986,1.96329492,10.48109966,2.64084507,3.339254,2.43337196,5.41284404,19.3210394,3.639909,4.19182948,3.32261522,6.48336728,78.60465116,93.89671362,71.0554951,26.98493745,75.16600266,81.08720272,39.30029155,122.36311239,26.03458925,54.07838983,27.74566474,79.53125,127.03349282,63.37090164,64.4058296,57.2593801,77.23163842
2022-07-01,31.45,29.82,33.59,50.63,26.9,33.23,25.56,38.26,41.67,30.65,17.82,23.55,30.32,32.45,30.35,29.92,32.02,2.37630208,3.14769976,6.83842239,1.78930438,1.9711903,3.90869293,6.99037254,-0.82944531,2.10732664,5.36266758,0.7918552,2.48041775,6.49806814,1.75603638,3.47766792,3.45781466,2.07204335,79.61165049,94.64751958,82.6536161,32.08974693,69.93051169,88.37868481,48.43205575,118.25442099,28.33384663,59.80187696,26.83274021,79.22374429,144.51612903,65.8997955,68.42397336,61.64235548,77.7901166
2022-08-01,31.91,30.07,33.62,51.28,27.46,34.35,27.35,37.58,42.54,31.82,18.99,24.33,31.35,33.72,31.31,30.85,32.68,1.46263911,0.83836351,0.0893123,1.28382382,2.08178439,3.37044839,7.00312989,-1.77731312,2.08783297,3.81729201,6.56565657,3.31210191,3.39709763,3.91371341,3.1630972,3.10828877,2.06121174,80.18068888,90.19607843,82.51900109,38.03499327,71.83979975,92.00670766,58.3671106,115.97701149,30.01222494,63.2632119,34.39490446,81.02678571,151.80722892,70.21706209,72.50688705,66.03875135,80.25372311
2022-09-01,32.89,30.67,33.63,52.03,30.2,35.06,27.93,37.92,43.68,32.83,20.31,24.92,34.43,34.64,32.17,31.7,33.83,3.07113757,1.9953442,0.0297442,1.4625585,9.97815004,2.06695779,2.12065814,0.90473656,2.67983075,3.17410434,6.95102686,2.42498972,9.8245614,2.72835113,2.74672629,2.75526742,3.51897185,83.43558282,93.01447451,82.4742268,40.28039903,84.70948012,89.71861472,60.88709677,116.80960549,32.84671533,66.05968639,36.6756393,81.36826783,174.56140351,72.16699801,74.64712269,68.08059385,83.65906623
2022-10-01,34.05,32.23,34.74,56.37,30.97,36.59,28.43,38.74,44.79,33.1,20.39,25.58,35.46,35.49,33.22,32.72,34.86,3.52690787,5.08640365,3.30062444,8.34134153,2.54966887,4.36394752,1.79018976,2.16244726,2.54120879,0.82241852,0.39389463,2.64847512,2.99157711,2.45381062,3.26391048,3.21766562,3.04463494,85.45751634,99.07350216,77.88018433,41.27819549,85.22727273,93.5978836,62.64302059,116.30374093,35.03165511,68.44783715,36.93754197,81.93456615,173.18952234,73.46041056,77.07889126,70.41666667,84.933687
2022-11-01,35.04,34.08,35.85,55.57,31.54,37.69,28.72,39.26,45.64,34.13,20.44,26.39,36.33,36.42,34.12,33.33,35.72,2.90748899,5.73999379,3.19516408,-1.41919461,1.8404908,3.00628587,1.02004924,1.34228188,1.89774503,3.11178248,0.24521824,3.16653636,2.4534687,2.62045647,2.70921132,1.86430318,2.4670109,84.42105263,102.49554367,83.46980553,36.97313286,82.84057971,92.78772379,62.90414067,106.3058329,36.72857999,68.37691169,37.18120805,80.25956284,165.18248175,68.7673772,76.14868353,68.9305626,82.61758691
2022-12-01,35.45,34.71,35.87,54.82,32.43,39.42,30.42,37.65,46.27,35.05,20.48,27.08,37.71,37.27,34.78,33.95,36.15,1.17009132,1.84859155,0.05578801,-1.34964909,2.82181357,4.59007694,5.91922006,-4.10086602,1.3803681,2.69557574,0.19569472,2.61462675,3.79851363,2.33388248,1.93434936,1.86018602,1.20380739,64.27247451,77.81762295,65.07132996,25.84940312,79.76718404,73.04653205,66.59364732,54.30327869,30.96518539,60.19195612,37.26541555,68.51275669,118.73549884,52.30894973,57.66092475,51.901566,62.91122127
2023-01-01,37.81,37.01,39.89,53.99,33.51,41.61,36.0,40.44,49.58,37.96,21.39,30.53,39.79,39.72,37.24,36.56,38.37,6.65726375,6.62633247,11.20713688,-1.51404597,3.33024977,5.55555556,18.34319527,7.41035857,7.15366328,8.30242511,4.44335938,12.74002954,5.51577831,6.57365173,7.07303048,7.68777614,6.14107884,57.67306088,71.025878,50.58512646,24.25776755,56.29664179,61.90661479,77.25258493,48.84063305,34.80152257,60.84745763,41.74950298,75.15777395,113.46566524,51.42966069,57.06452973,52.9707113,56.6122449
2023-02-01,39.0,39.73,39.72,53.03,33.94,42.38,36.76,41.46,49.78,38.49,22.61,31.77,40.7,40.39,38.22,37.34,39.25,3.14731552,7.34936504,-0.42617197,-1.77810706,1.28319905,1.8505167,2.11111111,2.52225519,0.40338846,1.39620653,5.70359981,4.06157877,2.28700679,1.68680765,2.63157895,2.13347921,2.29345843,55.19299642,69.35208866,49.32330827,21.68425883,55.90261828,54.05307161,70.10643221,45.98591549,33.24411135,57.61670762,44.19642857,74.36882547,101.08695652,45.23552679,55.17661389,50.62525212,54.22396857
2023-03-01,39.89,41.26,39.74,52.02,34.61,43.54,37.49,41.72,49.99,39.94,24.03,32.99,40.92,41.75,39.05,38.14,40.0,2.28205128,3.85099421,0.05035247,-1.90458231,1.97407189,2.73714016,1.98585419,0.62711047,0.42185617,3.76721226,6.2804069,3.84010072,0.54054054,3.36717009,2.17163789,2.14247456,1.91082803,50.52830189,67.92836793,43.72513562,17.26780884,56.11186288,53.30985915,64.71880492,29.80709396,30.18229167,56.68889761,43.80610413,70.75569358,94.02560455,42.93050325,52.1231009,47.37248841,48.97579143
2023-04-01,40.84,42.88,39.74,54.0,34.1,44.2,38.42,42.76,52.55,40.63,24.77,34.39,41.59,42.54,40.13,39.36,40.69,2.38154926,3.92632089,0.0,3.80622837,-1.47356255,1.5158475,2.48066151,2.4928092,5.1210242,1.72759139,3.07948398,4.24371022,1.63734115,1.89221557,2.76568502,3.19874148,1.725,43.70161858,53.91241924,38.17802503,13.80400421,43.21713566,48.37193689,66.60884649,26.62126147,33.91946993,51.66106756,44.0954043,66.3763909,83.94515701,44.7431099,48.02655847,45.45454545,43.12346113
2023-05-01,40.86,43.19,39.86,59.33,29.41,44.64,39.12,43.55,53.38,42.61,26.05,36.83,44.86,43.16,41.57,41.04,40.69,0.0489716,0.72294776,0.30196276,9.87037037,-13.75366569,0.99547511,1.82196773,1.84752105,1.57944814,4.87324637,5.16754138,7.09508578,7.86246694,1.45745181,3.5883379,4.26829268,0.0,39.59685685,52.50706215,30.09138381,19.49647533,20.78028747,45.12353706,66.96542894,24.71363116,34.2555332,51.36767318,50.92699884,68.94495413,88.01341157,40.26649334,47.6731794,46.62379421,38.11948405
2023-06-01,42.46,44.5,44.29,60.19,30.29,45.8,39.59,46.95,55.14,43.69,26.65,38.42,45.96,44.33,43.01,42.62,42.14,3.91581008,3.03310952,11.11389865,1.44951964,2.99217953,2.59856631,1.20143149,7.80711825,3.29711502,2.53461629,2.30326296,4.31713277,2.45207312,2.71084337,3.46403656,3.84990253,3.56352912,38.21614583,53.92597717,40.87150127,21.00924809,14.82183472,43.21450907,65.71787359,21.69517885,35.11394266,50.18906841,50.73529412,67.18885988,61.43308746,39.00909376,46.64166383,47.37206086,34.33216449
2023-07-01,46.49,47.92,49.24,62.1,32.12,49.88,44.98,55.14,58.48,46.6,27.36,43.0,48.93,48.41,46.84,46.71,46.1,9.49128592,7.68539326,11.17633777,3.1732846,6.04159789,8.90829694,13.61454913,17.44408946,6.05730867,6.66056306,2.6641651,11.92087454,6.46214099,9.20369953,8.90490584,9.5964336,9.39724727,47.82193959,60.69751844,46.5912474,22.65455264,19.40520446,50.10532651,75.97809077,44.11918453,40.34077274,52.03915171,53.53535354,82.59023355,61.37862797,49.18335901,54.33278418,56.11631016,43.97251718
2023-08-01,50.71,51.99,51.1,67.23,34.34,54.55,48.57,64.15,61.36,50.58,28.21,46.05,49.58,52.46,51.21,50.86,50.65,9.07722091,8.4933222,3.77741673,8.26086957,6.91158157,9.36246993,7.98132503,16.34022488,4.9247606,8.54077253,3.10672515,7.09302326,1.32842837,8.36604007,9.32963279,8.88460715,9.86984816,58.91570041,72.89657466,51.99286139,31.10374415,25.05462491,58.80640466,77.58683729,70.70250133,44.24071462,58.95663105,48.5518694,89.27250308,58.14992026,55.57532622,63.5579687,64.86223663,54.9877601
2023-09-01,53.12,53.71,56.22,68.97,36.31,57.4,50.21,66.92,63.51,53.32,36.76,47.96,48.4,54.76,53.8,53.55,53.13,4.7525143,3.30832852,10.01956947,2.5881303,5.73675015,5.22456462,3.3765699,4.31800468,3.50391134,5.41716093,30.30840128,4.14766558,-2.37999193,4.38429279,5.05760594,5.28902871,4.89634748,61.50805716,75.12226932,67.17216771,32.55813953,20.23178808,63.71933828,79.77085571,76.47679325,45.39835165,62.41242766,80.99458395,92.45585875,40.57507987,58.08314088,67.2365558,68.92744479,57.04995566
2023-10-01,54.95,55.43,56.27,78.44,39.05,58.89,51.54,66.82,65.43,54.12,36.86,49.65,48.29,56.59,55.67,55.54,54.98,3.44503012,3.20238317,0.08893632,13.73060751,7.54613054,2.59581882,2.64887473,-0.14943216,3.02314596,1.50037509,0.27203482,3.52376981,-0.22727273,3.34185537,3.47583643,3.71615313,3.48202522,61.38032305,71.98262488,61.97466897,39.15203122,26.08976429,60.94561356,81.28737249,72.48322148,46.08171467,63.50453172,80.77488965,94.09695074,36.18161309,59.45336715,67.57977122,69.74327628,57.71658061
2023-11-01,56.75,56.97,61.43,78.2,43.4,60.25,52.3,66.95,66.96,55.98,37.09,50.89,48.83,57.99,57.08,56.63,56.88,3.27570519,2.77827891,9.17007286,-0.30596634,11.13956466,2.30939039,1.47458285,0.19455253,2.33837689,3.4368071,0.62398264,2.49748238,1.11824394,2.47393532,2.53278247,1.96254951,3.45580211,61.95776256,67.16549296,71.35285914,40.72341191,37.60304375,59.85672592,82.10306407,70.52980132,46.71340929,64.01992382,81.45792564,92.83819629,34.40682631,59.22570016,67.2919109,69.9069907,59.23852184
2023-12-01,58.41,59.71,61.44,77.16,45.55,62.44,54.62,66.86,69.92,57.2,37.28,52.32,49.52,59.67,58.45,57.93,58.28,2.92511013,4.80954889,0.01627869,-1.32992327,4.95391705,3.63485477,4.43594646,-0.13442868,4.42054958,2.17934977,0.51226746,2.80998231,1.41306574,2.89705122,2.40014015,2.29560304,2.46132208,64.76727786,72.02535292,71.28519654,40.75155053,40.45636756,58.39675292,79.55292571,77.58300133,51.1130322,63.19543509,82.03125,93.20531758,31.3179528,60.10195868,68.05635423,70.63328424,61.21715076
2024-01-01,62.33,62.81,64.46,75.92,48.94,67.02,64.28,71.56,73.33,62.17,38.46,58.69,58.04,64.29,62.45,62.32,62.21,6.71117959,5.19176017,4.91536458,-1.60705029,7.44237102,7.33504164,17.68582937,7.02961412,4.87700229,8.68881119,3.16523605,12.17507645,17.20516963,7.74258421,6.84345595,7.57811151,6.74330817,64.85056863,69.71088895,61.59438456,40.61863308,46.04595643,61.06705119,78.55555556,76.95351137,47.90237999,63.7776607,79.80364656,92.23714379,45.86579543,61.85800604,67.69602578,70.4595186,62.13187386
2024-02-01,65.15,67.99,64.78,76.07,50.61,69.03,66.62,73.57,75.71,65.11,43.37,61.88,61.15,66.65,65.09,64.55,64.72,4.52430611,8.24709441,0.4964319,0.1975764,3.41234164,2.99910474,3.64032358,2.80883175,3.24560207,4.72896896,12.76651066,5.43533822,5.35837354,3.67086639,4.22738191,3.57830552,4.03472111,67.05128205,71.13012837,63.09164149,43.44710541,49.11608721,62.88343558,81.22959739,77.44814279,52.08919245,69.16082099,91.81777974,94.77494492,50.24570025,65.01609309,70.30350602,72.87091591,64.89171975
2024-03-01,67.21,70.3,64.77,78.08,52.34,71.26,67.57,74.83,79.32,68.34,49.04,64.32,63.58,68.77,67.13,66.83,66.63,3.161934,3.39755846,-0.01543686,2.64230314,3.41829678,3.2304795,1.4259982,1.71265461,4.76819443,4.96083551,13.07355315,3.94311571,3.97383483,3.1807952,3.13412198,3.53214562,2.95117429,68.48834294,70.38293747,62.98439859,50.09611688,51.2279688,63.66559486,80.23472926,79.36241611,58.67173435,71.10665999,104.07823554,94.96817217,55.37634409,64.71856287,71.9078105,75.22286314,66.575
2024-04-01,69.35,72.26,70.96,81.66,53.07,74.19,68.27,76.9,81.6,70.43,50.5,67.34,66.75,71.24,69.3,69.21,68.5,3.18404999,2.78805121,9.55689362,4.58504098,1.39472679,4.11170362,1.03596271,2.76627021,2.87443268,3.05823822,2.9771615,4.69527363,4.98584461,3.59168242,3.23253389,3.56127488,2.8065436,69.80901077,68.51679104,78.56064419,51.22222222,55.63049853,67.85067873,77.69390942,79.84097287,55.28068506,73.3448191,103.87565604,95.81273626,60.49531137,67.46591443,72.68876153,75.83841463,68.34603097
2024-05-01,71.68,73.48,74.32,89.49,56.82,75.57,69.5,77.77,81.98,72.76,53.34,71.06,69.29,72.39,71.92,71.81,71.17,3.35976929,1.68834763,4.73506201,9.58853784,7.06613906,1.86008896,1.80166984,1.1313394,0.46568627,3.30824933,5.62376238,5.52420552,3.80524345,1.61426165,3.78066378,3.75668256,3.89781022,75.42829173,70.13197499,86.45258404,50.83431653,93.19959198,69.28763441,77.65848671,78.57634902,53.57811915,70.75803802,104.76007678,92.94053761,54.45831476,67.72474513,73.00938177,74.97563353,74.90783976
2024-06-01,72.86,74.79,74.38,88.98,58.97,76.8,70.67,77.68,82.76,74.5,55.19,73.26,67.96,73.68,73.28,73.05,72.47,1.64620536,1.78279804,0.08073197,-0.56989608,3.78387892,1.62763001,1.68345324,-0.11572586,0.95145157,2.39142386,3.46831646,3.09597523,-1.9194689,1.78201409,1.89098999,1.726779,1.82661234,71.59679699,68.06741573,67.93858659,47.83186576,94.68471443,67.68558952,78.5046729,65.45260916,50.09067827,70.5195697,107.09193246,90.68193649,47.86771105,66.20798556,70.37898163,71.3984045,71.97437114
2024-07-01,75.21,76.16,78.72,86.68,63.73,78.07,73.32,80.6,85.16,76.16,55.96,75.7,72.38,75.76,75.09,74.84,74.95,3.22536371,1.83179569,5.83490186,-2.58485053,8.07190097,1.65364583,3.74982312,3.75901133,2.89995167,2.22818792,1.39518029,3.33060333,6.50382578,2.82301846,2.46997817,2.45037645,3.4221057,61.77672618,58.93155259,59.87002437,39.58132045,98.41220423,56.51563753,63.00578035,46.17337686,45.62243502,63.43347639,104.53216374,76.04651163,47.92560801,56.49659161,60.3116994,60.2226504,62.5813449
2024-08-01,77.07,75.32,82.23,86.98,69.14,78.92,74.54,82.94,85.76,78.91,62.3,77.23,74.85,77.28,77.26,77.08,77.51,2.47307539,-1.10294118,4.45884146,0.3461006,8.48893771,1.08876649,1.6639389,2.90322581,0.70455613,3.61081933,11.32952109,2.02113606,3.4125449,2.0063358,2.88986549,2.99305184,3.41561041,51.98185762,44.87401423,60.91976517,29.37676632,101.33954572,44.67461045,53.46921968,29.29072486,39.76531943,56.01028074,120.84367246,67.70901194,50.96813231,47.3122379,50.8689709,51.55328352,53.03060217
2024-09-01,79.36,77.19,85.66,90.14,71.81,80.48,75.67,84.95,85.58,81.12,71.16,79.34,76.81,79.87,79.75,79.83,79.71,2.97132477,2.48274031,4.17122705,3.63301908,3.86172982,1.97668525,1.51596458,2.42343863,-0.20988806,2.80065898,14.22150883,2.73209893,2.61857047,3.35144928,3.22288377,3.56772185,2.83834344,49.39759036,43.71625396,52.36570615,30.69450486,97.76920958,40.20905923,50.70703047,26.94261805,34.750433,52.13803451,93.57997824,65.4295246,58.69834711,45.85463842,48.23420074,49.07563025,50.02823264
2024-10-01,81.64,80.53,85.62,103.05,73.91,81.94,77.85,84.5,88.08,81.22,71.39,80.48,78.98,81.56,81.89,82.06,81.71,2.87298387,4.32698536,-0.04669624,14.32216552,2.92438379,1.81411531,2.88093036,-0.52972337,2.92124328,0.12327416,0.32321529,1.43685405,2.82515297,2.1159384,2.68338558,2.79343605,2.50909547,48.57142857,45.28233808,52.15923227,31.37429883,89.27016645,39.14077093,51.04772992,26.45914397,34.6171481,50.07390983,93.67878459,62.09466264,63.55353075,44.1244036,47.09897611,47.74936982,48.61767916
2024-11-01,83.48,84.64,85.59,102.79,75.69,84.24,79.94,84.74,89.83,83.31,71.4,81.11,81.44,82.86,83.15,83.32,82.89,2.25379716,5.10368807,-0.03503854,-0.25230471,2.40833446,2.8069319,2.68464997,0.28402367,1.98683015,2.57325782,0.01400756,0.78280318,3.11471259,1.59391859,1.53864941,1.53546186,1.44413169,47.10132159,48.5694225,39.32931792,31.44501279,74.40092166,39.81742739,52.84894837,26.57206871,34.15471924,48.8210075,92.50471825,59.3829829,66.78271554,42.8867046,45.67274001,47.1304962,45.7278481
2024-12-01,84.33,85.73,85.57,102.1,76.98,86.58,80.64,84.39,91.38,84.56,71.44,82.21,84.56,84.06,84.13,84.2,83.8,1.01820795,1.28780718,-0.02336722,-0.67127152,1.70432025,2.77777778,0.87565674,-0.41302809,1.72548146,1.50042012,0.05602241,1.35618296,3.83104126,1.44822592,1.1785929,1.05616899,1.09784051,44.37596302,43.57729024,39.27408854,32.32244686,69.00109769,38.66111467,47.63822776,26.218965,30.69221968,47.83216783,91.63090129,57.12920489,70.75928918,40.87481146,43.93498717,45.34783359,43.78860673
2025-01-01,88.58,89.04,86.44,96.82,82.63,90.65,99.65,88.32,93.79,90.15,76.89,87.56,91.97,88.94,88.73,88.9,88.43,5.03972489,3.86095882,1.01671146,-5.17140059,7.33956872,4.7008547,23.57390873,4.65694988,2.63733859,6.61069063,7.6287794,6.50772412,8.76300851,5.80537711,5.46772852,5.58194774,5.52505967,42.11455158,41.7608661,34.09866584,27.52897787,68.83939518,35.2581319,55.0248911,23.42090553,27.90126824,45.00562972,99.92199688,49.1906628,58.45968298,38.34188832,42.08166533,42.6508344,42.1475647
2025-02-01,90.59,91.86,86.43,91.92,86.4,92.18,95.28,90.97,95.48,90.27,84.52,90.28,95.3,91.75,90.78,90.5,90.62,2.26913524,3.1671159,-0.01156872,-5.06093782,4.56250756,1.68781026,-4.38534872,3.0004529,1.80189786,0.13311148,9.923267,3.1064413,3.6207459,3.15943333,2.3103798,1.79977503,2.47653511,39.04834996,35.10810413,33.42080889,20.83607204,70.71724956,33.53614371,43.02011408,23.65094468,26.11279884,38.64229765,94.88125432,45.89528119,55.84627964,37.65941485,39.46842833,40.20139427,40.01854141
2025-03-01,92.82,96.4,95.04,89.65,88.22,94.3,95.95,91.19,95.61,93.59,88.48,92.22,94.62,93.66,91.96,91.83,91.66,2.46164036,4.94230351,9.96181881,-2.46953873,2.10648148,2.29984812,0.7031906,0.24183797,0.13615417,3.67785532,4.68528159,2.14887018,-0.7135362,2.08174387,1.29984578,1.46961326,1.14764953,38.10444874,37.12660028,46.73459935,14.81813525,68.55177684,32.33230424,42.00088797,21.86288922,20.53706505,36.94761487,80.42414356,43.37686567,48.82038377,36.19310746,36.98793386,37.40834954,37.56566111
2025-04-01,95.6,98.34,94.98,95.47,92.32,96.79,96.94,94.6,96.42,95.3,90.49,95.53,97.63,96.23,94.82,94.9,94.66,2.99504417,2.01244813,-0.06313131,6.49191299,4.64747223,2.64050901,1.03178739,3.73944511,0.84719172,1.82711828,2.27169982,3.58924311,3.18114564,2.74396754,3.11004785,3.34313405,3.27296531,37.85147801,36.0918904,33.85005637,16.91158462,73.95892218,30.46232646,41.99501977,23.01690507,18.16176471,35.31165696,79.18811881,41.86219186,46.26217228,35.07860752,36.82539683,37.11891345,38.18978102
2025-05-01,97.06,97.64,95.04,102.13,95.09,97.96,97.39,97.08,95.93,98.05,91.57,97.28,99.62,97.81,96.95,97.21,96.78,1.52719665,-0.71181615,0.06317119,6.97601341,3.00043328,1.20880256,0.46420466,2.62156448,-0.50819332,2.88562434,1.19350204,1.83188527,2.0383079,1.64189962,2.24636153,2.4341412,2.23959434,35.40736607,32.87969516,27.87944026,14.12448318,67.3530447,29.62815932,40.1294964,24.82962582,17.01634545,34.75810885,71.67229096,36.89839572,43.77255015,35.11534742,34.8025584,35.37111823,35.98426303
2025-06-01,98.4,97.37,95.17,101.85,97.57,99.93,98.02,99.36,97.73,99.41,95.67,99.33,100.86,99.51,98.65,99.08,98.55,1.38058933,-0.27652601,0.13678451,-0.27416038,2.60805553,2.01102491,0.64688366,2.34857849,1.87636819,1.38704742,4.47744895,2.10731908,1.24472997,1.73806359,1.75348118,1.9236704,1.82889027,35.05352731,30.19120203,27.95106211,14.46392448,65.45701204,30.1171875,38.70100467,27.90937178,18.08844853,33.43624161,73.34662076,35.58558559,48.4108299,35.05700326,34.62063319,35.63312799,35.98730509
2025-07-01,100.42,97.45,100.59,95.92,103.2,101.55,100.81,102.18,101.01,102.31,98.22,101.56,103.84,101.42,100.45,100.81,101.02,2.05284553,0.08216083,5.69507198,-5.82228768,5.77021625,1.62113479,2.84635789,2.83816425,3.35618541,2.91721155,2.66541235,2.24504178,2.95459052,1.91940508,1.82463254,1.74606379,2.50634196,33.51947879,27.95430672,27.7820122,10.65989848,61.9331555,30.0755732,37.49318058,26.77419355,18.61202442,34.33560924,75.51822731,34.16116248,43.46504559,33.87011616,33.77280597,34.70069482,34.78318879
2025-08-01,102.47,100.39,106.67,95.24,105.94,102.36,101.82,103.75,102.24,104.16,100.25,103.46,104.37,102.24,102.53,102.52,102.91,2.04142601,3.01693176,6.0443384,-0.7089241,2.65503876,0.79763663,1.00188473,1.53650421,1.21770122,1.80822989,2.06678884,1.87081528,0.51040062,0.80851903,2.07068193,1.69626029,1.87091665,32.95705203,33.28465215,29.72151283,9.49643596,53.22533989,29.700963,36.59779984,25.09042681,19.21641791,31.99847928,60.91492777,33.96348569,39.43887776,32.29813665,32.7077401,33.00467047,32.76996517
2025-09-01,105.78,105.03,106.64,98.97,108.65,104.04,102.31,106.62,103.75,104.97,118.19,106.24,102.35,104.85,105.95,105.81,106.09,3.23021372,4.6219743,-0.02812412,3.91642167,2.55805173,1.64126612,0.48124141,2.76626506,1.47691706,0.77764977,17.89526185,2.6870288,-1.93542206,2.5528169,3.33560909,3.20912993,3.09007871,33.29133065,36.06684804,24.49217838,9.79587309,51.30204707,29.27435388,35.20549756,25.50912301,21.23159617,29.40088757,66.09050028,33.90471389,33.25087879,31.27582321,32.85266458,32.54415633,33.09496926
2025-10-01,108.48,108.61,109.22,111.27,111.54,105.59,102.8,107.75,104.27,105.44,118.29,107.66,103.32,106.07,108.53,108.37,108.53,2.55246739,3.40854994,2.41935484,12.42800849,2.65991717,1.48981161,0.47893657,1.05983868,0.50120482,0.44774698,0.08460953,1.33659639,0.94772838,1.163567,2.4351109,2.41943106,2.29993402,32.87604116,34.86899292,27.56365335,7.97671033,50.9132729,28.86258238,32.04881182,27.5147929,18.38101726,29.82024132,65.69547556,33.77236581,30.81792859,30.05149583,32.53144462,32.06190592,32.82339983
2025-11-01,109.42,107.86,111.86,112.03,113.43,106.5,103.49,109.65,105.49,107.77,118.64,108.62,103.97,108.05,109.9,109.69,109.99,0.86651917,-0.69054415,2.41713972,0.68302328,1.69445939,0.86182404,0.67120623,1.76334107,1.17003932,2.20978756,0.295883,0.89169608,0.62911343,1.86669181,1.26232378,1.21804928,1.34525016,31.07331097,27.43383743,30.69283795,8.98920128,49.86127626,26.42450142,29.4595947,29.39579891,17.43292887,29.36022086,66.16246499,33.91690297,27.66453831,30.40067584,32.17077571,31.64906385,32.69393172
2025-12-01,110.39,110.01,111.92,108.73,115.0,108.16,105.53,108.53,108.26,108.57,118.79,110.26,102.15,109.47,110.76,110.37,110.77,0.88649241,1.99332468,0.05363848,-2.94563956,1.38411355,1.55868545,1.97120495,-1.02143183,2.62584131,0.74232161,0.12643291,1.50985086,-1.75050495,1.31420639,0.78252957,0.61992889,0.70915538,30.90240721,28.3214744,30.7935024,6.49363369,49.38945181,24.92492492,30.8655754,28.60528499,18.47231342,28.39403974,66.2793953,34.11993675,20.80179754,30.22840828,31.65339356,31.0807601,32.18377088
2026-01-01,115.73,117.26,113.63,103.66,120.1,111.61,121.2,114.27,112.63,114.39,126.64,116.72,113.2,115.37,115.44,115.4,115.31,4.83739469,6.59030997,1.52787706,-4.66292652,4.43478261,3.18971893,14.84885814,5.28886022,4.03657861,5.36059685,6.60830036,5.85887901,10.81742535,5.38960446,4.22535211,4.55739784,4.09858265,30.65025965,31.69362084,31.45534475,7.06465606,45.34672637,23.12189741,21.62568991,29.38179348,20.08742936,26.88851913,64.70282221,33.30287803,23.08361422,29.71666292,30.10255832,29.8087739,30.39692412
2026-02-01,119.16,125.34,118.02,98.16,122.98,112.62,123.16,117.22,116.88,114.86,131.67,120.01,122.28,117.46,117.93,117.16,117.79,2.96379504,6.89067031,3.86341635,-5.30580745,2.39800167,0.90493683,1.61716172,2.58160497,3.77341738,0.41087508,3.97188882,2.81871145,8.02120141,1.8115628,2.15696466,1.52512998,2.15072413,31.53769732,36.44676682,36.54980909,6.78851175,42.33796296,22.17400738,29.2611251,28.8556667,22.4130708,27.24050072,55.78561287,32.9308817,28.31059811,28.02179837,29.90746861,29.45856354,29.98234385
