Tarih,ÜFE Genel_duzey,Madencilik ve Taşocakçılığı_duzey,İmalat_duzey,"Elektrik, Gaz, Buhar_duzey","Su Temini, Atık Yönetimi_duzey",Gıda Ürünleri_duzey,İçecekler_duzey,Tekstil_duzey,Giyim Eşyası_duzey,Deri_duzey,Kağıt_duzey,Kimyasallar_duzey,Ana Metaller_duzey,Makine ve Ekipmanlar_duzey,Mobilya_duzey,ÜFE Genel_aylik,Madencilik ve Taşocakçılığı_aylik,İmalat_aylik,"Elektrik, Gaz, Buhar_aylik","Su Temini, Atık Yönetimi_aylik",Gıda Ürünleri_aylik,İçecekler_aylik,Tekstil_aylik,Giyim Eşyası_aylik,Deri_aylik,Kağıt_aylik,Kimyasallar_aylik,Ana Metaller_aylik,Makine ve Ekipmanlar_aylik,Mobilya_aylik,ÜFE Genel_yillik,Madencilik ve Taşocakçılığı_yillik,İmalat_yillik,"Elektrik, Gaz, Buhar_yillik","Su Temini, Atık Yönetimi_yillik",Gıda Ürünleri_yillik,İçecekler_yillik,Tekstil_yillik,Giyim Eşyası_yillik,Deri_yillik,Kağıt_yillik,Kimyasallar_yillik,Ana Metaller_yillik,Makine ve Ekipmanlar_yillik,Mobilya_yillik
2012-01-01,203.09906196,283.05,196.35,221.88,160.99,201.31,202.15,190.92,134.96,171.3,187.17,187.42,292.1,180.32,197.29,0.38184755,1.42253117,0.1121705,1.13496513,0.44297479,0.14924631,-0.57544757,-0.82077922,-4.16814599,0.29861233,-0.34607603,-0.03200341,0.50925607,1.36031478,1.1847369,11.13218796,16.77461941,12.07831497,7.58861465,-0.54364614,10.8474203,7.66977364,6.85023506,5.17456359,13.33112802,14.66642161,15.99925729,14.8236959,10.2942076,14.42408073
2012-02-01,202.9108697,282.56,196.35,210.47,161.59,203.37,200.19,188.89,138.09,168.48,186.4,189.43,279.76,179.11,208.99,-0.09266033,-0.17311429,0.0,-5.14241933,0.37269396,1.0232974,-0.96957705,-1.06327257,2.31920569,-1.64623468,-0.41139071,1.07245758,-4.22458062,-0.67102928,5.93035633,9.1480633,13.43235648,9.53974895,6.49698932,6.92826893,10.03083915,6.19032463,0.6822664,4.70882621,10.95159697,10.64284442,13.68983315,6.00181873,7.92359605,18.38110343
2012-03-01,203.64382901,281.58,198.22,207.79,162.21,206.41,201.16,190.96,133.11,171.25,188.33,192.22,288.58,181.12,209.43,0.3612223,-0.34682899,0.95238095,-1.27334062,0.38368711,1.49481241,0.48453969,1.09587591,-3.60634369,1.64411206,1.03540773,1.47283957,3.15270232,1.1222154,0.21053639,8.2219181,10.15569987,8.97196262,5.61654976,6.83659356,10.63407836,5.79016566,-1.42473673,1.54867257,9.71234544,8.39136691,12.54098361,9.34374053,6.91853601,20.69502075
2012-04-01,203.81221155,288.79,198.57,207.59,162.59,206.13,203.98,190.84,136.19,170.67,188.47,193.26,289.42,180.95,213.16,0.08268482,2.56055118,0.17657149,-0.09625102,0.23426423,-0.13565234,1.40186916,-0.06284039,2.31387574,-0.33868613,0.0743376,0.54104672,0.29108046,-0.09386042,1.78102469,7.65407555,12.65896856,9.02053366,7.10452998,6.70035438,10.03576576,7.03678438,-2.78145695,3.92216711,8.58251686,6.29406125,12.50436605,13.30697256,8.70479394,21.05173491
2012-05-01,204.8918408,289.5,198.05,209.42,164.12,207.38,216.71,190.82,135.91,171.73,188.7,193.97,286.1,179.76,209.53,0.52971765,0.24585339,-0.26187239,0.88154535,0.94101728,0.60641343,6.24080792,-0.01047998,-0.20559512,0.62108162,0.12203534,0.36738073,-1.14712183,-0.65764023,-1.70294614,8.06038761,11.99226306,7.48982361,13.79048033,7.12793734,10.39659303,13.52016763,-1.62396247,-0.02942258,6.37388503,4.96161976,11.29152562,7.24192218,7.25536993,16.42495972
2012-06-01,201.83124045,287.91,196.57,212.93,167.62,205.5,218.75,188.77,134.68,174.78,188.35,189.02,279.51,179.16,212.22,-1.4937639,-0.5492228,-0.74728604,1.67605768,2.13258591,-0.90654837,0.94135019,-1.07431087,-0.90501067,1.77604379,-0.1854796,-2.55194102,-2.30339042,-0.33377837,1.28382571,6.44066026,11.42890317,5.96765499,14.5523994,7.94693457,10.14042234,14.3970296,-2.2980177,-1.30441155,7.9555281,4.40687361,7.12990252,-0.17143469,5.79273694,15.98622725
2012-07-01,201.1973297,284.57,196.37,206.09,166.69,206.59,219.19,187.91,134.51,174.01,187.54,188.28,276.48,179.07,213.49,-0.3140796,-1.16008475,-0.10174493,-3.2123233,-0.55482639,0.53041363,0.20114286,-0.45558087,-0.12622513,-0.44055384,-0.43005044,-0.39149296,-1.08403993,-0.05023443,0.59843559,6.13407179,8.82634135,4.46324077,10.59890523,7.93887198,9.44585717,12.34175593,-1.56110849,-1.55884075,7.89310516,3.64189002,5.06696429,-4.7638731,4.24380021,15.82573785
2012-08-01,201.71238219,289.63,197.12,207.59,166.57,208.73,218.67,186.43,136.88,174.63,184.07,188.45,274.61,178.69,210.12,0.2559937,1.77812138,0.38193207,0.72783735,-0.07198992,1.03586814,-0.2372371,-0.78761109,1.76195078,0.35630136,-1.85027194,0.09029106,-0.67635995,-0.21220752,-1.57852827,4.56459232,8.33769731,2.81660755,5.82687602,8.085134,8.61737004,11.90317793,-2.52535815,-0.52325581,7.7962963,1.13736264,1.44264413,-8.77350342,1.92219941,11.70653907
2012-09-01,203.79240184,294.03,198.97,209.7,166.83,211.58,220.18,187.96,138.29,174.68,184.13,190.83,273.45,180.61,214.17,1.03118095,1.51917964,0.93851461,1.01642661,0.15609053,1.36540028,0.69053825,0.82068337,1.03009936,0.02863196,0.03259629,1.26293447,-0.42241725,1.07448654,1.92747002,4.03499014,8.44613285,2.1773738,3.60160071,7.79220779,7.39011268,12.38834159,-2.78266267,-0.48931424,6.82485323,0.00543124,1.47293417,-11.00950273,1.55186955,13.22759715
2012-10-01,204.14897664,293.69,199.7,207.14,168.04,213.29,217.02,189.99,142.12,172.84,185.24,191.76,269.92,181.46,214.44,0.17496962,-0.11563446,0.36688948,-1.22079161,0.72528922,0.80820493,-1.43518939,1.08001702,2.76954227,-1.05335471,0.60283495,0.48734476,-1.29091242,0.47062732,0.12606808,2.57290734,5.55655393,1.6802444,-1.26787417,7.98097931,6.89620608,10.14007308,-3.29329126,0.82292849,4.94869148,-0.2154708,0.91038257,-10.57217639,1.43096702,9.5590865
2012-11-01,207.53643722,295.37,198.61,276.93,170.31,212.25,216.49,189.07,145.67,172.03,185.92,190.68,268.15,180.49,212.68,1.65930814,0.57203173,-0.54581873,33.69218886,1.35086884,-0.48759904,-0.24421712,-0.48423601,2.49788911,-0.46864152,0.36709134,-0.56320401,-0.65574985,-0.53455307,-0.8207424,3.60462816,5.96993506,1.63758252,29.58214403,7.45788378,5.93431823,6.80315738,-2.28435578,2.54839845,1.45072831,-0.45510521,1.68515358,-5.50112771,1.10351781,8.17354153
2012-12-01,207.28881583,294.4,198.63,275.42,170.98,211.18,218.08,189.34,146.82,172.74,185.89,190.69,265.01,181.6,215.01,-0.11931466,-0.32840167,0.01006999,-0.54526415,0.39340027,-0.5041225,0.73444501,0.14280425,0.78945562,0.41271871,-0.01613597,0.00524439,-1.17098639,0.61499252,1.0955426,2.45263622,5.48946539,1.27466476,25.53899448,6.67581732,5.05944978,7.25949243,-1.64155844,4.25335511,1.14175303,-1.0275796,1.71218263,-8.81219462,2.07982012,10.2728485
2013-01-01,206.91243132,302.55,199.21,272.45,177.27,211.23,221.28,189.82,147.68,175.34,186.59,191.73,265.95,183.22,208.85,-0.18157492,2.76834239,0.2920002,-1.07835306,3.67879284,0.02367648,1.46735143,0.2535122,0.58575126,1.50515225,0.37656679,0.5453878,0.3547036,0.89207048,-2.86498302,1.87759083,6.88924218,1.45658263,22.79159906,10.11242934,4.92772341,9.46326985,-0.57615755,9.42501482,2.35843549,-0.30987872,2.29964785,-8.95241356,1.608252,5.8593948
2013-02-01,206.64500022,304.04,200.54,234.49,179.42,214.3,227.56,190.14,142.98,175.85,187.72,193.22,266.41,184.97,208.97,-0.12924844,0.49248058,0.66763717,-13.93283171,1.21283917,1.45339204,2.83803326,0.16858076,-3.18255688,0.29086347,0.60560587,0.77713451,0.17296484,0.9551359,0.05745751,1.84028117,7.60192525,2.13394449,11.41255286,11.03409864,5.37444067,13.67201159,0.66176081,3.5411688,4.37440646,0.70815451,2.00073906,-4.77194738,3.27173245,-0.00956984
2013-03-01,208.32882566,305.89,202.34,239.14,180.12,216.23,228.49,194.0,143.13,176.32,189.06,194.42,269.31,184.74,209.79,0.81483967,0.60847257,0.89757654,1.98302699,0.39014603,0.90060663,0.40868342,2.0300831,0.10490978,0.26727324,0.71382911,0.62105372,1.08854773,-0.12434449,0.39240082,2.30058366,8.63342567,2.07849864,15.0873478,11.04124283,4.75752144,13.58620004,1.59195643,7.52760874,2.96058394,0.38761748,1.1445219,-6.67752443,1.99867491,0.17189514
2013-04-01,207.26900612,308.23,202.09,235.82,181.32,217.51,229.37,192.86,145.23,174.91,191.3,192.95,265.94,184.77,211.77,-0.50872439,0.76498088,-0.12355441,-1.3883081,0.66622252,0.59196226,0.38513721,-0.58762887,1.46719765,-0.7996824,1.18480906,-0.75609505,-1.25134603,0.01623904,0.94380094,1.69606843,6.73153503,1.77267462,13.59892095,11.51977366,5.52078785,12.44729875,1.05847831,6.63778545,2.48432648,1.50156524,-0.16040567,-8.11277728,2.11108041,-0.65209233
2013-05-01,209.33912092,307.82,201.95,240.45,181.97,217.89,229.54,194.25,145.35,175.97,191.87,191.12,265.51,185.41,215.51,0.99875753,-0.13301755,-0.06927607,1.96336189,0.35848224,0.17470461,0.07411606,0.72073006,0.08262756,0.60602596,0.29796132,-0.94843224,-0.16169061,0.34637658,1.76606696,2.17055013,6.32815199,1.9691997,14.81711393,10.87618816,5.06799113,5.92035439,1.7975055,6.94577294,2.46899202,1.67991521,-1.46929938,-7.19678434,3.14307966,2.85400659
2013-06-01,212.38981641,312.36,204.13,242.58,182.82,218.08,229.84,196.61,150.17,176.0,194.02,194.95,270.39,187.66,215.7,1.45729832,1.47488792,1.07947512,0.88583905,0.46710996,0.08719996,0.13069617,1.21492921,3.31613347,0.01704836,1.12055037,2.00397656,1.8379722,1.21352678,0.08816296,5.23138833,8.49223716,3.84595818,13.92476401,9.06813029,6.1216545,5.06971429,4.15320231,11.5013365,0.69802037,3.01035307,3.13723416,-3.26285285,4.74436258,1.63980775
2013-07-01,214.49955063,314.64,206.5,245.47,184.2,218.96,221.05,198.33,151.9,179.0,198.84,197.47,276.39,189.35,215.41,0.99333116,0.72992701,1.16102484,1.19135955,0.75484083,0.40352164,-3.82439958,0.87482834,1.1520277,1.70454545,2.48427997,1.29263914,2.21901698,0.90056485,-0.13444599,6.61152956,10.56682011,5.15862912,19.10815663,10.50452937,5.98770512,0.84857886,5.54520781,12.92840681,2.86765128,6.02538125,4.88102826,-0.03255208,5.74077177,0.89933955
2013-08-01,214.58869433,321.03,209.13,237.43,185.16,223.15,220.83,200.97,156.05,178.5,191.54,198.83,281.19,190.59,218.15,0.04155892,2.03089245,1.27360775,-3.27534933,0.52117264,1.91359152,-0.09952499,1.33111481,2.73206057,-0.27932961,-3.6712935,0.68871221,1.73667644,0.65487193,1.27199294,6.3835011,10.84141836,6.09273539,14.37448817,11.16047307,6.90844632,0.98778982,7.79917395,14.00496786,2.21611407,4.05823871,5.50809233,2.39612541,6.65957804,3.82162574
2013-09-01,216.48052173,326.74,212.23,244.41,185.18,223.66,221.86,205.05,158.11,179.48,195.36,203.08,286.78,193.91,219.22,0.88160628,1.77864997,1.48233156,2.93981384,0.01080147,0.22854582,0.46642213,2.03015375,1.32008971,0.54901961,1.99436149,2.1375044,1.98797966,1.74195918,0.4904882,6.22600243,11.12471517,6.66432125,16.55221745,10.99922076,5.70942433,0.76301208,9.09236008,14.33220045,2.74788184,6.09895183,6.4193261,4.87474858,7.36393334,2.35793995
2013-10-01,217.96625006,330.5,212.05,244.87,186.38,225.2,221.92,204.91,161.04,179.36,196.81,201.22,283.62,191.48,220.66,0.6863104,1.15076207,-0.08481365,0.18820834,0.64801814,0.68854511,0.02704408,-0.06827603,1.85314022,-0.06685982,0.74221949,-0.91589521,-1.10188995,-1.25315868,0.65687437,6.76823056,12.53362389,6.18427641,18.214734,10.91406808,5.58394674,2.25785642,7.8530449,13.3126935,3.77227494,6.2459512,4.9332499,5.07557795,5.5218781,2.90057825
2013-11-01,219.3133104,329.43,213.66,242.03,188.84,226.32,222.12,206.54,162.03,179.59,198.68,202.71,289.58,191.78,226.68,0.61801327,-0.32375189,0.75925489,-1.15979908,1.31988411,0.4973357,0.09012257,0.79547118,0.6147541,0.12823372,0.95015497,0.74048305,2.10140329,0.15667433,2.7281791,5.67460507,11.53129973,7.57766477,-12.60246272,10.88015971,6.62897527,2.60058201,9.23996403,11.23086428,4.39458234,6.86316695,6.30899937,7.99179564,6.25519419,6.58265939
2013-12-01,221.74,331.61,215.42,244.69,189.4,229.36,222.77,207.59,164.5,179.3,202.88,203.2,289.83,192.8,228.34,1.10649444,0.66174908,0.82373865,1.09903731,0.29654734,1.34323082,0.29263461,0.5083761,1.52440906,-0.16147892,2.11395208,0.24172463,0.08633193,0.53185942,0.73230986,6.97152141,12.6392663,8.45290238,-11.1575049,10.77318985,8.60876977,2.15058694,9.63874511,12.04195614,3.79761491,9.13981387,6.56038597,9.36568431,6.16740088,6.19971164
2014-01-01,229.1,343.81,222.5,253.5,192.04,235.31,227.39,213.9,167.3,181.73,210.18,214.37,305.51,200.6,233.99,3.31920267,3.67902054,3.28660292,3.60047407,1.3938754,2.5941751,2.07388787,3.03964545,1.70212766,1.3552705,3.59818612,5.49704724,5.41006797,4.04564315,2.47438031,10.72316851,13.6374153,11.69118016,-6.95540466,8.33192306,11.39989585,2.76120752,12.68570224,13.28548212,3.64434812,12.64269253,11.80827205,14.8749765,9.48586399,12.03734738
2014-02-01,232.27,348.23,226.64,245.98,195.23,241.37,229.67,218.4,168.71,184.42,213.53,216.89,306.39,202.81,234.43,1.38367525,1.28559379,1.86067416,-2.96646943,1.66111227,2.57532617,1.00268262,2.10378682,0.84279737,1.48021791,1.59387192,1.17553762,0.28804294,1.10169492,0.18804222,12.40049348,14.53427181,13.01485988,4.89999574,8.81172667,12.63182455,0.92722798,14.86273272,17.99552385,4.87347171,13.74920094,12.25028465,15.00694418,9.64480727,12.18356702
2014-03-01,233.98,347.89,228.97,241.82,196.33,244.45,230.49,220.93,172.32,190.07,214.19,217.73,307.6,204.5,236.54,0.73621217,-0.09763662,1.02806212,-1.69119441,0.563438,1.27604922,0.35703401,1.15842491,2.13976646,3.06365904,0.30909006,0.3872931,0.39492151,0.83329224,0.90005545,12.3128301,13.73042597,13.16101611,1.12068245,8.99955585,13.050918,0.87531183,13.8814433,20.39404737,7.79832123,13.29207659,11.98950725,14.2178159,10.69611346,12.75084608
2014-04-01,234.18,345.84,229.39,240.3,197.95,251.11,229.38,219.52,170.62,198.44,215.55,213.89,300.63,202.25,240.92,0.08547739,-0.58926672,0.18343014,-0.6285667,0.82514134,2.72448353,-0.48158272,-0.6382112,-0.98653668,4.40364076,0.63495028,-1.76365223,-2.26592978,-1.1002445,1.85169527,12.98360733,12.20192713,13.5088327,1.89975405,9.17163027,15.44756563,0.00435977,13.82349891,17.48261379,13.45263278,12.67642446,10.85255247,13.04429571,9.46041024,13.76493365
2014-05-01,232.96,341.99,228.92,231.66,200.73,252.49,231.14,218.01,169.22,198.13,210.71,212.63,296.47,199.93,242.84,-0.52096678,-1.11323155,-0.20489123,-3.59550562,1.40439505,0.54955995,0.76728573,-0.68786443,-0.82053687,-0.1562185,-2.2454187,-0.58908785,-1.38376077,-1.14709518,0.79694504,11.28354747,11.10064323,13.35479079,-3.65564566,10.30939166,15.87957226,0.69704627,12.23166023,16.42242862,12.59305563,9.81914838,11.25470908,11.66057776,7.83129281,12.6815461
2014-06-01,233.09,341.72,229.22,230.09,200.83,252.86,231.4,217.0,168.27,196.17,205.85,212.23,298.29,201.17,242.95,0.05580357,-0.07894968,0.13105015,-0.67771734,0.04981816,0.14654046,0.11248594,-0.4632815,-0.56139936,-0.98924948,-2.30648759,-0.18812021,0.61389011,0.62021708,0.04529732,9.74631644,9.39941094,12.29118699,-5.14881689,9.85121978,15.94827586,0.67873303,10.3707848,12.05300659,11.46022727,6.09730956,8.86381123,10.31842894,7.19919002,12.63328697
2014-07-01,234.79,347.95,230.76,232.12,201.62,256.77,234.74,217.53,168.31,194.78,201.4,214.34,297.56,202.01,242.16,0.72933202,1.82313005,0.67184364,0.88226346,0.39336752,1.54631021,1.44338807,0.24423963,0.02377132,-0.7085691,-2.16176828,0.9942044,-0.24472828,0.41755729,-0.32516979,9.45943677,10.58670226,11.74818402,-5.43854646,9.45711183,17.26799415,6.19316897,9.68083497,10.80315997,8.81564246,1.28746731,8.54306983,7.6594667,6.68603116,12.41817929
2014-08-01,235.78,345.6,232.12,230.26,202.4,260.86,234.66,216.49,169.91,197.77,199.3,216.98,300.93,203.44,241.39,0.42165339,-0.67538439,0.58935691,-0.80130967,0.38686638,1.59286521,-0.03408026,-0.47809498,0.95062682,1.5350652,-1.04270109,1.23168797,1.1325447,0.70788575,-0.31797159,9.87531321,7.65349033,10.99316215,-3.01983743,9.31086628,16.8989469,6.26273604,7.72254565,8.88176866,10.79551821,4.05137308,9.12840115,7.0201643,6.74222152,10.65322026
2014-09-01,237.79,344.85,234.21,232.42,202.73,268.05,236.06,216.05,172.58,202.5,199.49,218.87,304.88,203.05,241.98,0.85248961,-0.21701389,0.90039635,0.93807001,0.16304348,2.75626773,0.59660786,-0.20324264,1.57142016,2.39166709,0.09533367,0.87104802,1.31259761,-0.19170271,0.24441775,9.84360075,5.54263329,10.3566885,-4.90569126,9.47726536,19.84708933,6.40043271,5.36454523,9.1518563,12.82594161,2.11404586,7.77526098,6.31145826,4.71352689,10.38226439
2014-10-01,239.97,345.97,235.04,248.51,207.87,268.5,236.49,217.25,172.44,199.34,201.58,222.81,308.19,206.08,246.18,0.91677531,0.32477889,0.35438282,6.92281215,2.5353919,0.16787913,0.18215708,0.55542698,-0.0811218,-1.56049383,1.04767156,1.80015534,1.08567305,1.49224329,1.73568063,10.09502615,4.68078669,10.8417826,1.48650304,11.5302071,19.22735346,6.56542898,6.02215607,7.07898659,11.13960749,2.42365733,10.72954975,8.66299979,7.62481721,11.56530409
2014-11-01,237.65,340.26,233.06,243.08,211.56,268.34,240.31,215.27,171.32,197.26,203.78,218.79,298.98,204.48,244.34,-0.96678752,-1.65043212,-0.8424098,-2.18502274,1.77514793,-0.05959032,1.61529029,-0.91139241,-0.64950128,-1.04344336,1.09137811,-1.80422782,-2.98841624,-0.77639752,-0.74742059,8.3609561,3.28749659,9.07984649,0.43383052,12.03134929,18.56663132,8.18926706,4.22678416,5.73350614,9.8390779,2.56694182,7.93251443,3.24608053,6.62217124,7.79071819
2014-12-01,235.84,335.0,231.85,235.98,211.93,269.14,240.56,213.69,173.77,202.0,204.79,216.16,296.54,205.49,243.89,-0.76162424,-1.54587668,-0.51917961,-2.9208491,0.17489128,0.29812924,0.10403229,-0.733962,1.43007238,2.40292,0.49563254,-1.20206591,-0.8161081,0.49393584,-0.1841696,6.35879859,1.02228521,7.62696128,-3.55960603,11.89545935,17.3439135,7.98581497,2.93848451,5.63525836,12.66034579,0.94144322,6.37795276,2.31515026,6.58195021,6.81002015
2015-01-01,236.61,330.75,232.28,238.22,235.89,274.26,242.35,214.43,175.78,202.7,206.01,216.72,296.99,204.48,250.83,0.32649254,-1.26865672,0.18546474,0.94923299,11.30561978,1.90235565,0.74409711,0.34629604,1.15670139,0.34653465,0.59573221,0.25906736,0.15175019,-0.4915081,2.84554512,3.27804452,-3.7986097,4.39550562,-6.02761341,22.83378463,16.5526327,6.57900523,0.24777934,5.06873879,11.53909646,-1.9840137,1.09623548,-2.78877942,1.93419741,7.19688876
2015-02-01,239.46,321.09,235.65,239.0,239.82,278.72,247.29,217.1,175.6,203.96,207.42,215.55,298.56,208.27,250.19,1.20451376,-2.92063492,1.4508352,0.32742843,1.66603078,1.62619412,2.03837425,1.24516159,-0.10240073,0.62160829,0.68443279,-0.53986711,0.52863733,1.853482,-0.25515289,3.09553537,-7.79369957,3.9754677,-2.83762908,22.8397275,15.47416829,7.67187704,-0.5952381,4.08393101,10.59538011,-2.86142462,-0.6178247,-2.55556643,2.69217494,6.72268908
2015-03-01,241.97,336.12,237.96,240.22,241.08,279.23,246.08,220.92,171.32,206.41,207.42,221.34,303.13,209.43,249.96,1.04819176,4.68093058,0.98026735,0.51046025,0.52539405,0.18297933,-0.48930406,1.75955781,-2.43735763,1.20121592,0.0,2.6861517,1.5306806,0.55696932,-0.09193013,3.41482178,-3.38325333,3.92627855,-0.66164916,22.79325625,14.22785846,6.76385093,-0.00452632,-0.58031569,8.59683275,-3.16074513,1.65801681,-1.45318596,2.41075795,5.67345903
2015-04-01,245.42,339.14,241.46,243.22,242.95,283.85,245.24,224.01,173.15,209.14,209.45,222.96,307.36,212.08,257.2,1.42579659,0.89848864,1.47083543,1.24885522,0.77567612,1.65455001,-0.34135241,1.39869636,1.06817651,1.32261034,0.97869058,0.73190567,1.3954409,1.26533925,2.89646343,4.79972671,-1.93731205,5.26178125,1.21514773,22.73301339,13.03811079,6.9142907,2.04537172,1.48282734,5.39205805,-2.82996984,4.24049745,2.23863221,4.86032138,6.75742985
2015-05-01,248.15,342.06,245.16,236.59,245.53,289.26,246.42,228.52,175.49,212.96,208.09,227.42,310.68,215.87,257.34,1.11237878,0.86100136,1.5323449,-2.72592714,1.0619469,1.90593623,0.48116131,2.01330298,1.3514294,1.82652768,-0.64931965,2.00035881,1.08016658,1.78706149,0.05443235,6.52043269,0.02046843,7.09418137,2.12811879,22.31853734,14.56295299,6.61071212,4.82087978,3.70523579,7.48498461,-1.24341512,6.95574472,4.79306507,7.97279048,5.97100972
2015-06-01,248.78,348.19,246.16,232.23,246.41,289.76,246.18,231.86,172.44,213.91,209.14,230.88,309.84,218.31,258.74,0.2538787,1.79208326,0.40789688,-1.8428505,0.35840834,0.17285487,-0.09739469,1.46157886,-1.73799077,0.44609316,0.50458936,1.52141412,-0.27037466,1.13030991,0.54402736,6.7313055,1.89336299,7.39028008,0.93007084,22.69581238,14.59305545,6.3872083,6.84792627,2.4781601,9.04317684,1.59825115,8.78763606,3.8720708,8.52015708,6.49927969
2015-07-01,247.99,343.4,245.34,232.83,246.01,291.25,245.95,233.01,172.2,213.53,207.89,227.67,301.92,219.07,265.61,-0.31754964,-1.37568569,-0.33311667,0.25836455,-0.16233107,0.51421866,-0.09342757,0.49598896,-0.13917884,-0.1776448,-0.59768576,-1.39033264,-2.55615802,0.34812881,2.65517508,5.62204523,-1.30765915,6.31825273,0.30587627,22.01666501,13.42836001,4.77549629,7.11625983,2.31121146,9.62624499,3.2224429,6.21909116,1.46525071,8.44512648,9.68368021
2015-08-01,250.43,340.62,247.57,238.73,246.03,291.25,246.14,236.98,175.3,213.88,211.73,234.22,306.39,225.45,265.03,0.98391064,-0.80955154,0.90894269,2.53403771,0.00812975,0.0,0.07725147,1.70378954,1.80023229,0.16391139,1.84713069,2.87697105,1.48052464,2.91231113,-0.21836527,6.21341929,-1.44097222,6.65603998,3.67845045,21.55632411,11.64992716,4.89218444,9.4646404,3.17226767,8.14582596,6.2368289,7.94543276,1.81437544,10.81891467,9.79328058
2015-09-01,254.25,336.32,251.39,244.72,247.07,289.56,249.65,242.69,178.91,219.69,217.28,239.38,312.97,231.76,265.83,1.52537635,-1.26240385,1.54299794,2.50911071,0.42271268,-0.58025751,1.42601771,2.40948603,2.05932687,2.71647653,2.62126293,2.20305695,2.14758967,2.79884675,0.30185262,6.9220741,-2.47353922,7.33529738,5.29214353,21.87145464,8.02462227,5.75701093,12.33047906,3.66786418,8.48888889,8.91774024,9.37085941,2.65350302,14.13937454,9.85618646
2015-10-01,253.74,340.44,250.46,246.75,248.79,287.98,253.8,245.02,180.06,222.79,223.75,236.53,302.68,230.35,275.11,-0.20058997,1.22502379,-0.36994312,0.82951945,0.69615898,-0.54565548,1.66232726,0.96007252,0.64278129,1.41107925,2.97772459,-1.19057565,-3.28785507,-0.60838799,3.49095286,5.73821728,-1.59840449,6.56058543,-0.708221,19.68538029,7.25512104,7.3195484,12.78250863,4.41892832,11.76382061,10.99811489,6.15771285,-1.78785814,11.77697981,11.7515639
2015-11-01,250.13,339.18,247.3,237.65,251.56,284.61,256.18,242.08,180.76,222.33,225.54,231.45,292.09,226.75,276.91,-1.42271617,-0.37010927,-1.26167851,-3.68794326,1.1133888,-1.17022015,0.93774626,-1.19990205,0.3887593,-0.20647246,0.8,-2.14771911,-3.49874455,-1.56283916,0.65428374,5.25142016,-0.31740434,6.11001459,-2.23383248,18.90716582,6.0632034,6.60396987,12.45412737,5.51015643,12.70911487,10.67818235,5.78637049,-2.30450197,10.89104069,13.32978636
2015-12-01,249.31,332.68,246.64,236.42,254.21,286.15,258.66,241.15,181.61,218.98,226.92,231.19,286.85,228.27,277.38,-0.32782953,-1.91638658,-0.26688233,-0.51756785,1.05342662,0.54109132,0.96806933,-0.38417052,0.47023678,-1.50676922,0.61186486,-0.11233528,-1.79396761,0.67034179,0.16973024,5.71149932,-0.69253731,6.37912443,0.18645648,19.94998349,6.32013079,7.52411041,12.85039075,4.51171088,8.40594059,10.80619171,6.95318283,-3.26768733,11.0856976,13.73160031
2016-01-01,250.67,328.68,248.01,238.69,259.81,289.03,260.49,243.94,179.94,219.19,227.26,232.4,285.53,233.53,284.57,0.5455056,-1.20235662,0.55546546,0.96015566,2.20290311,1.00646514,0.70749246,1.15695625,-0.91955289,0.09589917,0.14983254,0.52337904,-0.46017082,2.30428878,2.5921119,5.94226787,-0.62585034,6.77199931,0.19729662,10.14031964,5.38540071,7.48504229,13.76206687,2.36659461,8.13517514,10.31503325,7.23514212,-3.85871578,14.20676839,13.45134155
2016-02-01,250.16,328.99,248.37,228.73,262.36,290.32,259.71,243.55,180.9,219.94,228.39,228.59,282.84,233.43,285.56,-0.20345474,0.09431666,0.14515544,-4.1727764,0.98148647,0.44632045,-0.29943568,-0.15987538,0.53351117,0.34216889,0.49722784,-1.6394148,-0.94210766,-0.04282105,0.34789331,4.4683872,2.46036937,5.39783577,-4.29707113,9.3987157,4.16188289,5.02244329,12.18332566,3.01822323,7.83486958,10.1099219,6.04964045,-5.26527331,12.08047246,14.13725569
2016-03-01,251.17,328.14,249.93,224.62,262.53,291.17,258.59,243.95,181.17,222.77,226.21,228.87,288.98,233.35,285.99,0.40374161,-0.25836652,0.62809518,-1.79687842,0.06479646,0.29278038,-0.43125024,0.16423732,0.14925373,1.28671456,-0.95450764,0.12249005,2.17083864,-0.03427152,0.15058131,3.80212423,-2.37415209,5.03025719,-6.49404712,8.89746142,4.27604484,5.08371261,10.42458809,5.74947467,7.92597258,9.05891428,3.40200596,-4.66796424,11.42147734,14.41430629
2016-04-01,252.47,332.65,251.38,223.43,262.86,292.89,258.92,243.16,184.85,221.09,225.04,230.75,296.6,233.55,291.01,0.51757774,1.37441336,0.58016245,-0.52978363,0.12569992,0.5907202,0.12761514,-0.32383685,2.03124138,-0.75414104,-0.51721851,0.82142701,2.63686068,0.08570816,1.75530613,2.87262652,-1.91366397,4.10834093,-8.13666639,8.19510187,3.18478069,5.5782091,8.5487255,6.75714698,5.71387587,7.44330389,3.49390025,-3.50078084,10.12353829,13.14541213
2016-05-01,256.21,340.72,256.07,216.17,264.15,297.22,259.13,243.93,183.4,224.68,223.48,232.71,314.19,236.49,292.57,1.48136412,2.42597325,1.86570133,-3.24933984,0.49075554,1.47837072,0.08110613,0.31666392,-0.7844198,1.62377312,-0.6932101,0.84940412,5.93054619,1.25883109,0.53606405,3.24803546,-0.39174414,4.450155,-8.63096496,7.58359467,2.75184955,5.15786056,6.74339226,4.50737934,5.50338092,7.39583834,2.32609269,1.12977984,9.55204521,13.69005984
2016-06-01,257.27,349.44,256.81,217.97,266.53,298.32,259.98,246.15,182.36,223.75,223.49,234.54,311.05,236.84,290.65,0.41372312,2.55928622,0.28898348,0.83267798,0.90100322,0.37009623,0.32802068,0.91009716,-0.56706652,-0.41392202,0.00447467,0.78638649,-0.99939527,0.1479978,-0.6562532,3.41265375,0.3589994,4.32645434,-6.14046419,8.16525303,2.95416897,5.6056544,6.16320193,5.75272559,4.60006545,6.86143253,1.58523909,0.39052414,8.48793001,12.33284378
2016-07-01,257.81,353.55,257.21,219.04,265.76,298.01,264.83,248.17,182.1,223.67,222.99,234.3,309.98,239.27,293.46,0.20989622,1.17616758,0.15575717,0.49089324,-0.28889806,-0.10391526,1.86552812,0.82063782,-0.14257513,-0.03575419,-0.22372366,-0.10232796,-0.34399614,1.02600912,0.96679855,3.95983709,2.95573675,4.83818375,-5.92277627,8.02812894,2.32103004,7.67635698,6.50615853,5.74912892,4.74874725,7.26345664,2.91210963,2.66958135,9.22079701,10.48529799
2016-08-01,258.01,348.14,258.18,212.66,267.53,298.14,264.44,252.58,186.54,224.76,224.39,235.23,309.45,240.02,293.24,0.07757651,-1.53019375,0.37712375,-2.91271001,0.66601445,0.0436227,-0.14726428,1.7770077,2.43822076,0.48732508,0.62783084,0.39692702,-0.17097877,0.31345342,-0.07496763,3.02679391,2.20773883,4.28565658,-10.92028652,8.73877169,2.36566524,7.43479321,6.58283399,6.41186537,5.08696465,5.97931328,0.43121851,0.99872711,6.46263029,10.64407803
2016-09-01,258.77,348.83,258.98,213.17,267.26,299.3,265.46,252.98,187.88,224.57,225.17,235.27,306.43,241.08,292.93,0.29456223,0.19819613,0.30986134,0.23981943,-0.10092326,0.38907896,0.38572077,0.15836567,0.71834459,-0.08453461,0.34760907,0.01700463,-0.97592503,0.44162986,-0.10571545,1.77777778,3.71967174,3.01921317,-12.89228506,8.17177318,3.36372427,6.33286601,4.23997693,5.01369404,2.22131185,3.6312592,-1.71693542,-2.08965716,4.02140145,10.1944852
2016-10-01,260.94,351.59,261.4,212.5,268.82,298.02,269.92,254.35,189.21,229.28,226.56,238.67,313.19,242.99,297.97,0.83858253,0.79121635,0.93443509,-0.31430314,0.58370126,-0.42766455,1.68010246,0.54154479,0.70789866,2.09734159,0.61731136,1.44514813,2.20605032,0.79226813,1.72054757,2.83755025,3.27517331,4.36796295,-13.8804458,8.05096668,3.48635322,6.35145784,3.80785242,5.08163945,2.91305714,1.25586592,0.90474781,3.47231399,5.48730193,8.30940351
2016-11-01,266.16,360.22,267.69,205.78,271.09,300.54,274.34,259.77,189.03,232.84,228.07,248.44,344.91,247.62,300.35,2.00045988,2.45456355,2.40627391,-3.16235294,0.84443122,0.84558083,1.63752223,2.13092196,-0.09513239,1.55268667,0.66649011,4.09351825,10.12803729,1.90542821,0.79873813,6.40866749,6.20319594,8.2450465,-13.41047759,7.76355541,5.59713292,7.08876571,7.30750165,4.57512724,4.7272073,1.12175224,7.34067833,18.08346742,9.20396913,8.46484417
2016-12-01,274.09,359.32,276.42,208.55,272.55,306.69,274.81,269.55,189.96,235.32,230.68,256.31,374.67,252.23,300.0,2.97941088,-0.24984732,3.26123501,1.34609777,0.53856653,2.04631663,0.17132026,3.76486892,0.4919854,1.06510909,1.1443855,3.16776687,8.62833783,1.86172361,-0.11653071,9.93943283,8.00769508,12.0742783,-11.78834278,7.21450769,7.17805347,6.24371762,11.77690234,4.59776444,7.46186866,1.65697162,10.86552187,30.61530417,10.49634205,8.15487778
2017-01-01,284.99,382.96,287.12,217.15,282.69,313.56,277.74,283.23,194.33,239.56,242.5,268.86,403.2,260.07,310.76,3.97679594,6.57909384,3.87092106,4.12371134,3.72041827,2.24004695,1.06619119,5.07512521,2.30048431,1.8018018,5.12398127,4.8964145,7.61470094,3.10827419,3.58666667,13.6913073,16.51454302,15.76952542,-9.02425741,8.80643547,8.48700827,6.62213521,16.10641961,7.99711015,9.29330718,6.70597553,15.68846816,41.21108115,11.36470689,9.20335945
2017-02-01,288.59,392.13,291.03,215.68,288.09,316.7,279.62,287.05,195.63,243.58,250.76,277.13,406.89,263.61,315.19,1.26320222,2.39450595,1.36179994,-0.67695142,1.91021968,1.00140324,0.67689206,1.34872718,0.66896516,1.67807647,3.40618557,3.07595031,0.91517857,1.36117199,1.42553739,15.36216821,19.19207271,17.17598744,-5.70541687,9.80713523,9.08652521,7.66624312,17.86080887,8.14262023,10.74838592,9.7946495,21.23452469,43.85871871,12.92892944,10.3761031
2017-03-01,291.58,393.57,294.95,209.88,289.98,317.81,282.43,294.6,197.63,244.42,257.82,281.68,419.97,265.73,317.64,1.03607194,0.36722515,1.34694018,-2.68916914,0.65604499,0.35048942,1.00493527,2.6302038,1.02233809,0.3448559,2.81544106,1.64182874,3.21462803,0.80421835,0.77730892,16.08870486,19.9396599,18.01304365,-6.56219393,10.45594789,9.14929423,9.21922735,20.76245132,9.08538941,9.71854379,13.97374121,23.07423428,45.32839643,13.8761517,11.06682052
2017-04-01,293.79,390.36,297.31,212.06,291.78,320.27,292.13,295.83,199.73,245.36,263.37,284.46,423.2,267.01,319.5,0.7579395,-0.81561095,0.80013562,1.03868877,0.62073246,0.77404739,3.43447934,0.41751527,1.06259171,0.38458391,2.15266465,0.98693553,0.76910255,0.48169194,0.58556857,16.36630095,17.34856456,18.27114329,-5.08884214,11.00205433,9.34821947,12.82635563,21.66063497,8.04977008,10.97743001,17.03252755,23.27627302,42.68374916,14.32669664,9.79004158
2017-05-01,295.31,388.24,299.01,212.72,293.88,325.55,294.1,297.98,199.93,247.34,267.47,283.94,419.01,268.88,329.84,0.51737636,-0.54308843,0.57179375,0.31123267,0.71972034,1.64860899,0.67435731,0.72676875,0.10013518,0.8069775,1.55674526,-0.1828025,-0.99007561,0.7003483,3.23630673,15.26091878,13.9469359,16.76885227,-1.59596614,11.25496877,9.53166005,13.49515687,22.15799615,9.01308615,10.08545487,19.68408806,22.01452452,33.36197842,13.69613937,12.73883173
2017-06-01,295.52,383.34,299.17,214.64,294.95,327.26,293.19,300.43,198.72,248.89,269.2,282.49,417.34,269.9,329.5,0.07111171,-1.26210591,0.05350992,0.90259496,0.36409419,0.52526494,-0.30941857,0.82220283,-0.60521182,0.62666774,0.64680151,-0.51067127,-0.39855851,0.37935138,-0.10308028,14.86764877,9.70123626,16.49468479,-1.52773317,10.66296477,9.70099222,12.77405954,22.05159456,8.97126563,11.23575419,20.45281668,20.4442739,34.17135509,13.95879074,13.36659212
2017-07-01,297.65,384.23,301.89,211.28,296.59,328.09,289.36,303.32,200.16,249.27,274.43,285.19,424.0,275.66,328.7,0.7207634,0.23216988,0.90918207,-1.56541185,0.55602645,0.25362097,-1.30632013,0.96195453,0.72463768,0.15267789,1.94279346,0.95578605,1.59582115,2.13412375,-0.24279211,15.45324076,8.67769764,17.37101979,-3.54273192,11.60069235,10.09362102,9.26254578,22.22266994,9.91762768,11.445433,23.06829903,21.72001707,36.78301826,15.20875998,12.0084509
2017-08-01,300.18,387.66,304.49,212.9,297.65,327.55,289.25,302.58,200.36,248.3,279.56,285.04,441.09,275.92,335.56,0.8499916,0.89269448,0.86124085,0.76675502,0.35739573,-0.16458898,-0.03801493,-0.24396677,0.09992006,-0.38913628,1.86932915,-0.05259651,4.03066038,0.09431909,2.08700943,16.34432774,11.35175504,17.93709815,0.1128562,11.25855044,9.86449319,9.38209046,19.79570829,7.40859869,10.47339384,24.58665716,21.17502019,42.53999031,14.95708691,14.43186468
2017-09-01,300.9,390.44,305.55,209.55,298.67,321.67,290.41,302.99,202.51,250.94,285.21,286.34,454.67,278.89,336.33,0.23985609,0.71712325,0.34812309,-1.57350869,0.34268436,-1.79514578,0.40103717,0.13550136,1.07306848,1.06322996,2.02103305,0.45607634,3.07873677,1.07639896,0.22946716,16.28086718,11.92844652,17.98208356,-1.69817517,11.75260046,7.47410625,9.39877948,19.76836114,7.78688525,11.74244111,26.66429809,21.70697496,48.37646445,15.68359051,14.81582631
2017-10-01,306.04,398.69,310.69,213.95,299.73,320.12,291.4,308.06,206.31,259.31,291.19,295.44,470.77,284.94,339.38,1.70820871,2.11300072,1.6822124,2.09973753,0.35490675,-0.48186029,0.34089735,1.67332255,1.87645055,3.33545868,2.09670068,3.17804009,3.54102976,2.16931407,0.90684744,17.28366674,13.39628545,18.85615914,0.68235294,11.49840042,7.41560969,7.95791346,21.11657165,9.0375773,13.09752268,28.5266596,23.78598064,50.31450557,17.26408494,13.89737222
2017-11-01,312.21,409.45,318.17,205.97,302.51,320.42,292.93,315.66,206.75,259.42,293.63,306.44,492.76,291.56,345.0,2.01607633,2.6988387,2.4075445,-3.72984342,0.92750142,0.09371486,0.52505148,2.46705187,0.21327129,0.04242027,0.83794086,3.72326022,4.6710708,2.32329613,1.65596087,17.30162308,13.66664816,18.85763383,0.09233162,11.59024678,6.6147601,6.77626303,21.51518651,9.37417341,11.41556434,28.74556057,23.34567702,42.86625497,17.74493175,14.86598968
2017-12-01,316.48,417.29,322.43,209.4,303.34,323.06,296.04,319.2,206.07,263.41,296.81,309.75,508.97,293.74,345.1,1.3676692,1.91476371,1.33890687,1.66529106,0.2743711,0.82391861,1.06168709,1.1214598,-0.32889964,1.53804641,1.08299561,1.0801462,3.2896339,0.74770202,0.02898551,15.46572294,16.1332517,16.64496057,0.40757612,11.29700972,5.33763735,7.72533751,18.4195882,8.48073279,11.93693694,28.66741807,20.84975225,35.84487682,16.45720176,15.03333333
2018-01-01,319.6,435.56,327.69,190.82,299.85,325.62,303.1,322.05,204.24,267.44,302.35,315.54,515.63,299.27,354.98,0.98584429,4.37825014,1.63136185,-8.87297039,-1.15052416,0.79242246,2.38481286,0.89285714,-0.88804775,1.52993432,1.86651393,1.86924939,1.30852506,1.88261728,2.86293828,12.14428576,13.73511594,14.1299805,-12.12525904,6.07025363,3.84615385,9.13084179,13.70617519,5.09957289,11.63800301,24.68041237,17.36219594,27.8844246,15.072865,14.22963058
2018-02-01,328.17,443.48,332.56,231.09,301.11,331.19,307.75,326.72,205.32,270.97,307.05,320.21,523.27,302.6,358.16,2.68147685,1.81834879,1.4861607,21.1036579,0.42021011,1.71058289,1.53414715,1.45008539,0.52878966,1.31992223,1.55448983,1.48000254,1.4816826,1.11270759,0.89582512,13.71495894,13.09514702,14.27000653,7.14484421,4.51942101,4.57530786,10.06008154,13.819892,4.95322803,11.24476558,22.44775881,15.54505106,28.60232495,14.79078942,13.63304673
2018-03-01,333.21,444.48,338.5,229.15,303.4,338.47,307.26,330.44,206.21,268.86,311.51,326.48,542.1,306.54,360.53,1.53578938,0.22548931,1.78614385,-0.83949976,0.76051941,2.198134,-0.15922015,1.13858962,0.43346971,-0.77868399,1.45253216,1.95809,3.59852466,1.30204891,0.66171543,14.27738528,12.93543715,14.76521444,9.18143701,4.62790537,6.50073944,8.79155897,12.16564834,4.34144614,9.99918174,20.82460631,15.90457256,29.08064862,15.3576939,13.50270747
2018-04-01,341.88,452.44,347.96,230.9,305.8,347.51,308.12,337.43,211.17,273.93,320.37,334.77,563.23,312.35,371.54,2.60196273,1.79085673,2.79468242,0.7636919,0.79103494,2.67084232,0.27989325,2.11536134,2.40531497,1.88573979,2.84421046,2.53920608,3.89780483,1.89534808,3.05383741,16.36883488,15.90326878,17.03609028,8.88427803,4.80499006,8.50532363,5.47359052,14.06213028,5.72773244,11.64411477,21.6425561,17.68614216,33.08837429,16.98063743,16.28794992
2018-05-01,354.85,464.36,359.91,252.47,309.31,355.91,310.54,352.34,216.66,277.01,330.83,348.6,589.48,320.85,378.2,3.79372879,2.63460348,3.43430279,9.34170637,1.14780903,2.41719663,0.78540828,4.41869425,2.59980111,1.12437484,3.26497487,4.13119455,4.66061822,2.72130623,1.79253916,20.1618638,19.60642901,20.3672118,18.68653629,5.25044236,9.32575641,5.5899354,18.24283509,8.36792878,11.99563354,23.68863798,22.77241671,40.68399322,19.3283249,14.66165414
2018-06-01,365.6,475.67,371.27,257.45,313.03,365.01,318.48,365.48,224.66,280.25,343.59,364.73,618.99,328.28,385.59,3.02944906,2.4356103,3.15634464,1.97251159,1.20267693,2.55682616,2.55683648,3.72935233,3.69242131,1.16963287,3.85696581,4.62707975,5.00610708,2.31572386,1.9539926,23.71413102,24.08566808,24.10001003,19.94502423,6.12985252,11.53517081,8.62580579,21.65229837,13.05354267,12.59994375,27.63372957,29.11253496,48.31791824,21.63023342,17.02276176
2018-07-01,372.06,479.74,378.2,260.0,317.53,369.63,317.44,372.25,229.25,283.79,356.78,377.31,636.5,338.42,389.19,1.76695842,0.85563521,1.86656611,0.99048359,1.4375619,1.26571875,-0.32655112,1.85235854,2.04308733,1.26315789,3.83887773,3.44912675,2.82880176,3.08882661,0.93363417,24.99916009,24.85750722,25.27741893,23.05944718,7.06025153,12.66116005,9.70417473,22.72517473,14.5333733,13.84843744,30.00765222,32.30127284,50.11792453,22.76717696,18.4027989
2018-08-01,396.62,507.06,405.85,256.89,322.36,380.34,321.47,408.02,242.56,296.3,384.82,417.79,713.3,359.95,409.78,6.60108585,5.69475132,7.31094659,-1.19615385,1.52111612,2.89749209,1.26953125,9.60913365,5.80588877,4.40818915,7.85918493,10.72857862,12.06598586,6.36191714,5.29047509,32.12739023,30.80018573,33.28844954,20.66228276,8.30169662,16.11662342,11.13915298,34.84698262,21.06208824,19.33145389,37.65202461,46.57241089,61.71302909,30.45447956,22.11825009
2018-09-01,439.78,535.69,442.36,360.18,324.47,410.61,342.75,451.78,251.54,306.88,430.18,475.2,806.73,380.84,437.87,10.8819525,5.6462746,8.99593446,40.20787107,0.65454771,7.95866856,6.61959125,10.72496446,3.70217678,3.57070537,11.78732914,13.74135331,13.09827562,5.80358383,6.85489775,46.15486873,37.20161869,44.77499591,71.88260558,8.63829645,27.64945441,18.02279536,49.10723126,24.21115007,22.2921814,50.82921356,65.95655514,77.43198364,36.55563125,30.19058663
2018-10-01,443.78,541.7,443.11,391.24,327.37,414.3,363.77,448.91,259.29,314.15,459.27,472.93,773.58,383.95,436.59,0.90954568,1.12191753,0.16954517,8.62346604,0.89376522,0.89866296,6.13274982,-0.63526495,3.08102091,2.36900417,6.76228555,-0.4776936,-4.10918151,0.8166159,-0.29232421,45.0071886,35.86997417,42.62126235,82.86515541,9.2216328,29.42021742,24.83527797,45.72161267,25.67980224,21.14843238,57.72176242,60.07649607,64.32228052,34.74766618,28.64340857
2018-11-01,432.55,531.93,429.42,400.43,331.46,407.91,370.25,430.22,261.11,314.57,452.57,452.03,710.86,371.32,432.41,-2.53053315,-1.80358132,-3.0895263,2.34894183,1.24935089,-1.54236061,1.78134536,-4.16341806,0.70191677,0.1336941,-1.45883685,-4.41925866,-8.10775873,-3.28949082,-0.95742001,38.54456936,29.91329833,34.96558444,94.41180754,9.56993157,27.30478747,26.39538456,36.29221314,26.29262394,21.2589623,54.12934646,47.51011617,44.2608978,27.3562903,25.33623188
2018-12-01,422.94,518.87,422.74,366.5,331.04,405.5,376.68,422.3,259.79,318.28,443.2,447.89,674.71,370.77,431.34,-2.22170847,-2.45521027,-1.55558661,-8.4733911,-0.12671212,-0.5908166,1.73666442,-1.8409186,-0.50553407,1.17938774,-2.07039795,-0.91586842,-5.08538953,-0.14812022,-0.24745034,33.63877654,24.3427832,31.11062866,75.02387775,9.13166744,25.51847954,27.23956222,32.29949875,26.06881157,20.83064424,49.32111452,44.59725585,32.56380533,26.22387145,24.98985801
2019-01-01,424.86,533.55,424.72,367.91,308.25,410.83,385.68,427.58,255.08,324.61,434.99,446.72,658.91,381.81,437.88,0.4539651,2.82922505,0.468373,0.38472033,-6.88436443,1.31442663,2.38929595,1.250296,-1.81300281,1.98881488,-1.85243682,-0.26122485,-2.34174682,2.97758718,1.51620531,32.93491865,22.49747452,29.61030242,92.80473745,2.8014007,26.16854002,27.24513362,32.7682037,24.89228359,21.3767574,43.86968745,41.57317614,27.78736691,27.58044575,23.35342836
2019-02-01,425.26,543.63,427.25,340.57,305.1,416.68,390.39,424.39,251.92,331.94,427.67,443.07,659.59,381.69,438.99,0.09414866,1.8892325,0.59568657,-7.43116523,-1.02189781,1.42394664,1.22121966,-0.74605922,-1.23882703,2.25809433,-1.68279731,-0.81706662,0.10320074,-0.03142924,0.25349411,29.58527592,22.58275458,28.47305749,47.37548141,1.32509714,25.81297744,26.85296507,29.89409892,22.69627898,22.50064583,39.28350432,38.36857063,26.05156038,26.13681428,22.56812598
2019-03-01,431.98,548.56,434.05,347.31,305.7,420.33,387.14,429.31,248.59,333.07,423.75,448.28,681.05,386.73,442.42,1.58020975,0.9068668,1.59157402,1.97903515,0.19665683,0.87597197,-0.83250083,1.15931101,-1.32184821,0.34042297,-0.91659457,1.17588643,3.25353629,1.32044329,0.78133898,29.64196753,23.41612671,28.22747415,51.56447742,0.75807515,24.18530446,25.99752652,29.92071178,20.5518646,23.88231793,36.03094604,37.30703259,25.63180225,26.15971814,22.71378249
2019-04-01,444.85,567.47,446.46,364.52,306.8,437.67,383.8,442.22,250.76,335.19,429.42,464.07,713.26,391.81,461.0,2.9793046,3.44720723,2.85911761,4.95522732,0.3598299,4.1253301,-0.86273699,3.00715101,0.87292329,0.63650284,1.3380531,3.5223521,4.72946186,1.31357795,4.19962931,30.11875512,25.42436566,28.30785148,57.86920745,0.32701112,25.94457713,24.56185902,31.05532999,18.74792821,22.36337751,34.03876767,38.62353257,26.63743053,25.43941092,24.07816117
2019-05-01,456.74,578.1,459.29,368.17,299.09,456.32,385.61,459.38,249.55,340.46,443.16,476.58,739.6,399.19,446.95,2.67281106,1.87322678,2.87371769,1.0013168,-2.51303781,4.26120136,0.47159979,3.88042151,-0.4825331,1.57224261,3.19966466,2.69571401,3.69290301,1.88356601,-3.04772234,28.71354093,24.49392713,27.61245867,45.827227,-3.30412854,28.21218847,24.17401945,30.37974684,15.18046709,22.90531028,33.9539945,36.71256454,25.46651286,24.41639395,18.17821259
2019-06-01,457.16,581.01,457.23,396.99,300.38,464.32,391.3,456.2,250.2,338.77,452.87,470.15,719.65,399.28,450.25,0.09195604,0.50337312,-0.44851837,7.82790559,0.4313083,1.75315568,1.47558414,-0.69223736,0.26046884,-0.49638724,2.19108223,-1.34919636,-2.697404,0.02254565,0.73833762,25.04376368,22.14560515,23.15296146,54.20081569,-4.04114622,27.20747377,22.86485808,24.82215169,11.36828986,20.88135593,31.8053494,28.90357251,16.26197515,21.62787864,16.76910708
2019-07-01,452.63,578.54,453.38,383.67,298.37,460.62,397.23,451.04,249.22,338.8,454.02,463.05,695.88,395.18,457.34,-0.99090034,-0.42512177,-0.84202699,-3.35524824,-0.66915241,-0.79686423,1.51546128,-1.13108286,-0.39168665,0.00885557,0.25393601,-1.51015633,-3.30299451,-1.02684833,1.57468073,21.65510939,20.59448868,19.87837123,47.56538462,-6.03407552,24.6165084,25.13545867,21.16588314,8.71101418,19.38405159,27.25489097,22.72402004,9.32914375,16.77205839,17.51072741
2019-08-01,449.96,582.64,448.82,400.3,302.4,454.17,397.88,446.28,248.59,339.64,446.31,454.08,682.4,393.12,460.92,-0.58988578,0.70868047,-1.00577882,4.33445409,1.35067198,-1.40028657,0.16363316,-1.05533877,-0.2527887,0.24793388,-1.69816308,-1.93715581,-1.93711559,-0.52128144,0.78278742,13.44864102,14.90553386,10.58765554,55.82545058,-6.19183522,19.41157911,23.76893645,9.37699132,2.48598285,14.62706716,15.97889923,8.68618205,-4.33197813,9.21516877,12.47986725
2019-09-01,450.55,577.61,448.58,412.39,303.1,447.98,401.97,445.88,252.23,340.67,439.15,456.12,673.37,395.96,460.83,0.13112277,-0.86331182,-0.05347355,3.02023482,0.23148148,-1.36292578,1.02794813,-0.08962983,1.46425842,0.30326228,-1.60426609,0.44926004,-1.32327081,0.72242572,-0.01952617,2.44895175,7.82542142,1.40609458,14.49553001,-6.58612507,9.1010935,17.27789934,-1.30594537,0.27431025,11.01081856,2.08517365,-4.01515152,-16.53093352,3.9701712,5.24356544
2019-10-01,451.31,585.24,448.71,417.94,306.0,447.13,407.09,447.4,255.96,341.22,433.63,457.91,658.51,399.86,464.88,0.16868272,1.32096051,0.02898034,1.34581343,0.95677994,-0.18974061,1.2737269,0.3408989,1.47880902,0.16144656,-1.2569737,0.39244059,-2.20681052,0.98494797,0.87884903,1.6967867,8.03765922,1.26379454,6.82445558,-6.52778202,7.92420951,11.90862358,-0.33637032,-1.28427629,8.61690275,-5.58277266,-3.1759457,-14.87499677,4.14376872,6.47976362
2019-11-01,450.97,584.75,448.52,415.72,306.58,453.74,412.41,444.98,255.49,344.1,428.72,451.54,646.65,398.95,462.58,-0.07533624,-0.08372633,-0.04234361,-0.53117672,0.18954248,1.47831727,1.30683633,-0.540903,-0.18362244,0.84403024,-1.13230173,-1.39110306,-1.80103567,-0.22757965,-0.49475133,4.25846723,9.92987799,4.4478599,3.81839523,-7.50618476,11.23532152,11.38690074,3.43080285,-2.15234958,9.38741774,-5.269903,-0.10839988,-9.03272093,7.44102122,6.97717444
2019-12-01,454.08,587.91,452.25,412.06,304.76,462.06,416.8,446.67,254.96,345.55,427.73,452.29,656.09,399.74,463.98,0.68962459,0.54040188,0.83162401,-0.88040027,-0.59364603,1.83364923,1.06447467,0.37979235,-0.20744452,0.42138913,-0.23091995,0.16609824,1.45983144,0.1980198,0.30265035,7.36274649,13.30583769,6.98065004,12.43110505,-7.93861769,13.94821208,10.65095041,5.77077907,-1.85919396,8.56792761,-3.49052347,0.98238407,-2.75970417,7.81346927,7.56711643
2020-01-01,462.42,601.62,460.6,415.98,321.41,472.75,429.13,454.26,253.3,347.68,425.29,458.56,673.29,407.9,467.71,1.83668076,2.33198959,1.84632394,0.95131777,5.4633154,2.31355235,2.95825336,1.69924105,-0.65108252,0.61640862,-0.57045332,1.38627871,2.62159155,2.04132686,0.80391396,8.84055924,12.75794209,8.44791863,13.06569541,4.26926196,15.07192756,11.26581622,6.239768,-0.69782029,7.10698993,-2.22993632,2.6504298,2.18239213,6.83324166,6.81236869
2020-02-01,464.64,610.26,463.64,406.09,321.17,478.29,429.22,460.24,255.65,351.16,428.29,461.49,688.78,410.74,472.37,0.48008304,1.43612247,0.66000868,-2.37751815,-0.07467098,1.17186674,0.02097267,1.31642672,0.92775365,1.00092039,0.70540102,0.63895673,2.30064311,0.69624908,0.99634389,9.26021728,12.25649799,8.51726156,19.23833573,5.26712553,14.78592685,9.94646379,8.44741865,1.48062877,5.79020305,0.14497159,4.15735663,4.42547643,7.61088842,7.60381785
2020-03-01,468.69,608.33,467.87,410.11,322.54,487.79,434.18,471.03,254.75,346.33,439.63,474.42,712.11,421.12,476.2,0.87164256,-0.31625864,0.91234579,0.98992834,0.42656537,1.98624266,1.15558455,2.34442899,-0.35204381,-1.37544139,2.64773868,2.80179419,3.38714829,2.52714613,0.81080509,8.49807861,10.89579991,7.79172906,18.08182891,5.50866863,16.0492946,12.15064318,9.71791945,2.47797578,3.9811451,3.74749263,5.83117694,4.56060495,8.89250899,7.63527869
2020-04-01,474.69,609.68,474.45,411.39,320.83,494.16,439.86,488.36,256.64,347.78,469.14,485.97,739.58,431.26,485.4,1.28016386,0.22191902,1.40637357,0.31211138,-0.5301668,1.30588983,1.30821318,3.67917118,0.74190383,0.41867583,6.71246275,2.43455166,3.8575501,2.40786474,1.93196136,6.70787906,7.43827868,6.26931864,12.85800505,4.57301173,12.90698471,14.60656592,10.43372077,2.34487159,3.75607864,9.24968562,4.71911565,3.69009898,10.06865573,5.29284165
2020-05-01,482.02,599.08,482.14,421.51,318.87,502.88,442.04,498.78,259.44,342.37,490.46,487.51,749.43,437.16,488.02,1.54416567,-1.73861698,1.62082411,2.45995284,-0.61091544,1.76461065,0.49561224,2.13367188,1.09102244,-1.55558111,4.54448565,0.31689199,1.33183699,1.36808422,0.53976102,5.53487761,3.62912991,4.97507022,14.48787245,6.61339396,10.20336606,14.63395659,8.5767774,3.96313364,0.5610057,10.67334597,2.29342398,1.32909681,9.51176132,9.18894731
2020-06-01,485.37,605.37,484.61,434.29,322.3,502.53,446.45,493.89,257.97,346.29,475.07,483.13,741.78,442.55,490.13,0.69499191,1.04994325,0.51229933,3.03195654,1.07567347,-0.06959911,0.99764727,-0.98039216,-0.566605,1.14496013,-3.13787057,-0.89844311,-1.02077579,1.23295818,0.43235933,6.1707061,4.19269892,5.98823349,9.39570266,7.29742326,8.22923846,14.09404549,8.26172731,3.10551559,2.21979514,4.90206903,2.76082101,3.07510595,10.83700661,8.8573015
2020-07-01,490.33,630.28,489.42,432.37,334.35,500.75,450.65,497.27,257.35,349.06,472.88,488.62,748.27,447.88,502.0,1.02190082,4.11483886,0.99255071,-0.4421009,3.73875271,-0.35420771,0.94075484,0.68436291,-0.24033802,0.79990759,-0.4609847,1.13634012,0.87492248,1.20438369,2.42180646,8.32909882,8.94320185,7.9491817,12.69319989,12.0588531,8.71217055,13.44812829,10.24964526,3.262178,3.0283353,4.15400203,5.52208185,7.52859688,13.33569513,9.76516377
2020-08-01,501.85,659.9,503.98,400.85,336.66,505.27,455.99,510.24,259.53,355.26,480.96,503.62,801.59,465.14,507.13,2.34943813,4.69949864,2.97494994,-7.2900525,0.69089278,0.90264603,1.18495506,2.608241,0.8470954,1.77619893,1.70867873,3.06987025,7.12577011,3.85371082,1.02191235,11.53213619,13.26033228,12.2900049,0.13739695,11.32936508,11.25129357,14.604906,14.33180963,4.40082063,4.59898716,7.76366203,10.90997181,17.46629543,18.32010582,10.02560097
2020-09-01,515.13,675.03,518.22,401.6,343.27,515.62,460.9,524.22,265.57,360.19,501.17,522.24,847.59,476.43,517.9,2.64620903,2.29277163,2.82550895,0.18710241,1.96340522,2.04840976,1.076778,2.73988711,2.32728394,1.38771604,4.20201264,3.69723204,5.73859454,2.42722621,2.12371581,14.33359228,16.86605149,15.52454412,-2.6164553,13.2530518,15.09888834,14.66029803,17.56974971,5.28882369,5.72988523,14.12273711,14.49618521,25.87284851,20.32275987,12.38417638
2020-10-01,533.44,684.8,537.59,411.18,344.22,532.56,472.01,542.79,268.62,363.83,525.65,544.12,896.36,489.7,538.06,3.55444257,1.44734308,3.73779476,2.38545817,0.27675008,3.28536519,2.41050119,3.54240586,1.1484731,1.01057775,4.88457011,4.18964461,5.75396123,2.78529899,3.89264337,18.19813432,17.01182421,19.80789374,-1.61745705,12.49019608,19.10630018,15.94733351,21.32096558,4.94608533,6.62622355,21.22085649,18.8268437,36.11942112,22.46786375,15.74169678
2020-11-01,555.18,699.55,560.85,418.14,345.9,566.64,479.66,556.76,273.02,365.48,554.34,561.71,962.99,500.14,549.24,4.07543491,2.15391355,4.32671739,1.69268933,0.48805996,6.39927895,1.62072837,2.57373938,1.63800164,0.45350851,5.45800438,3.23274278,7.4333973,2.1319175,2.07783519,23.10796727,19.6323215,25.0445911,0.58212258,12.82536369,24.88209107,16.3065881,25.12023012,6.8613253,6.21331008,29.30117559,24.39872437,48.91981752,25.36408071,18.73405681
2020-12-01,568.27,699.71,575.81,413.07,349.97,577.03,484.67,559.38,272.03,371.59,577.17,574.9,1025.39,505.58,554.39,2.35779387,0.02287185,2.66737987,-1.21251256,1.17664065,1.8336157,1.04448985,0.47057978,-0.3626108,1.67177411,4.11841108,2.34818679,6.47981807,1.08769545,0.93765931,25.14755109,19.01651613,27.32117192,0.24510994,14.83462397,24.88204995,16.28358925,25.23339378,6.69516787,7.53581247,34.93792813,27.10871344,56.28800927,26.47721019,19.4857537
2021-01-01,583.38,716.93,591.51,416.05,404.59,598.32,505.17,563.64,274.67,372.98,606.26,580.86,1056.08,515.79,586.71,2.65894733,2.46101957,2.72659384,0.72142736,15.60705203,3.68958286,4.22968205,0.76155744,0.9704812,0.37406819,5.0401095,1.03670204,2.99300754,2.0194628,5.82983099,26.15803815,19.16658356,28.42162397,0.01682773,25.87971749,26.56160762,17.71957216,24.07872144,8.4366364,7.27680626,42.55214089,26.67044662,56.8536589,26.45011032,25.44311646
2021-02-01,590.52,715.96,600.73,408.86,408.88,615.28,497.35,572.36,273.05,376.78,621.24,585.84,1051.19,514.85,599.36,1.22390209,-0.13529912,1.55872259,-1.72815767,1.06033268,2.83460356,-1.54799374,1.54708679,-0.58979867,1.01882138,2.47088708,0.85734945,-0.4630331,-0.18224471,2.15609074,27.09194215,17.32048635,29.56819947,0.6821148,27.30952455,28.6416191,15.87297889,24.36120285,6.80618032,7.29581957,45.05125032,26.94532926,52.61621998,25.3469348,26.88358702
2021-03-01,614.93,737.65,626.76,420.58,410.58,630.5,498.95,601.1,276.76,372.33,637.59,626.13,1146.37,526.25,610.86,4.13364492,3.02949885,4.33306144,2.86650687,0.41576991,2.47367052,0.32170504,5.02131526,1.35872551,-1.18106057,2.63183311,6.87730438,9.05450014,2.21423716,1.91871329,31.2018605,21.25819868,33.96028811,2.55297359,27.29583928,29.25644232,14.91777604,27.6139524,8.63984298,7.50729073,45.0287742,31.97799418,60.98215163,24.9643807,28.27803444
2021-04-01,641.63,774.69,655.28,429.91,411.69,641.66,509.11,637.33,279.52,377.31,682.88,675.61,1269.94,539.87,615.65,4.34195762,5.02135159,4.55038611,2.21836511,0.27034926,1.77002379,2.03627618,6.02728331,0.99725394,1.33752316,7.10331091,7.90251226,10.7792423,2.58812352,0.78414039,35.16821505,27.06501771,38.11360523,4.50181093,28.32029424,29.84863202,15.74364571,30.50413629,8.91521197,8.49100006,45.55996078,39.02298496,71.71097109,25.18434355,26.83353935
2021-05-01,666.79,796.06,681.13,449.49,413.64,654.44,510.87,665.82,281.69,385.63,716.87,701.79,1383.86,552.91,630.53,3.92126303,2.75852276,3.94487853,4.55444163,0.47365736,1.991709,0.34570132,4.47021166,0.77633085,2.20508335,4.97744845,3.87501665,8.97050254,2.4153963,2.41695769,38.33243434,32.88041664,41.27224458,6.63803943,29.72057578,30.1384028,15.57098905,33.4897149,8.57616405,12.63545287,46.16278596,43.95397017,84.65500447,26.47771983,29.20167206
2021-06-01,693.54,819.3,706.91,483.01,414.44,679.05,515.41,681.28,284.87,391.67,735.5,724.94,1483.84,566.53,643.32,4.01175782,2.91937794,3.78488688,7.45734054,0.19340489,3.76046696,0.88868009,2.32194888,1.12890056,1.56626818,2.59879755,3.29870759,7.22471926,2.46333038,2.02845225,42.88893009,35.33871847,45.87193826,11.21831035,28.5882718,35.12626112,15.44629858,37.94164693,10.4275691,13.10462329,54.81928979,50.05071099,100.03774704,28.01491357,31.25497317
2021-07-01,710.61,846.78,723.64,497.64,429.1,695.63,523.9,690.35,286.97,397.45,740.15,738.05,1560.13,568.87,651.59,2.46128558,3.35408275,2.3666379,3.0289228,3.53730335,2.44164642,1.6472323,1.33131752,0.73717836,1.47573212,0.63222298,1.80842552,5.14138991,0.41304079,1.28551887,44.92484653,34.34981278,47.85664664,15.09586697,28.33856737,38.91762356,16.25429935,38.82800088,11.50961725,13.8629462,56.51962443,51.04784904,108.49826934,27.0139323,29.79880478
2021-08-01,730.28,869.82,732.64,594.83,432.98,703.33,544.91,694.26,287.49,399.25,746.32,751.08,1605.35,572.13,655.67,2.76804436,2.72089563,1.24371234,19.53018246,0.90421813,1.10691028,4.01030731,0.56637937,0.18120361,0.45288716,0.83361481,1.76546304,2.89847641,0.5730659,0.62616062,45.51758494,31.81088044,45.37084805,48.39216665,28.61046753,39.19884418,19.50042764,36.065381,10.773321,12.38248044,55.17298736,49.13625352,100.27071196,23.00167691,29.29032004
2021-09-01,741.58,866.67,744.58,602.82,446.77,711.58,556.64,703.83,291.61,400.4,767.36,767.05,1625.09,579.45,672.84,1.5473517,-0.36214389,1.62972265,1.34324093,3.18490461,1.17299134,2.15264906,1.37844612,1.43309332,0.28804008,2.81916604,2.1262715,1.2296384,1.2794295,2.61869538,43.95977714,28.38984934,43.68029022,50.10458167,30.15119294,38.00473217,20.77240182,34.26233261,9.8053244,11.16355257,53.11371391,46.87691483,91.73067167,21.62332347,29.91697239
2021-10-01,780.45,905.63,784.56,630.62,455.75,734.92,578.35,749.7,296.17,408.63,807.17,828.12,1714.04,602.76,687.04,5.24151137,4.49536733,5.36947004,4.61165854,2.00998277,3.28002473,3.90018684,6.51719876,1.56373238,2.05544456,5.18791701,7.96167134,5.473543,4.02278022,2.11045717,46.30511398,32.2473715,45.94021466,53.36835449,32.40079019,37.99759651,22.5291837,38.11971481,10.25612389,12.31344309,53.55654903,52.19436889,91.22227676,23.08760466,27.68836189
2021-11-01,858.43,1011.07,859.46,720.96,460.31,792.14,590.75,857.4,307.43,437.32,907.18,944.89,1898.32,647.61,718.36,9.99167147,11.64272385,9.54675232,14.32558435,1.00054855,7.78588146,2.14403043,14.3657463,3.80187055,7.02102146,12.39020281,14.10061344,10.75120767,7.44077245,4.55868654,54.62192442,44.53148453,53.24239993,72.42072033,33.07603354,39.7959904,23.16015511,53.99813205,12.60347227,19.65634234,63.65046722,68.21669545,97.12769603,29.48574399,30.79163936
2021-12-01,1022.25,1139.39,1021.73,896.96,468.93,951.17,652.52,1062.5,330.38,477.92,1115.95,1155.16,2367.77,737.28,813.15,19.08367601,12.69150504,18.88045982,24.41189525,1.87265104,20.07599667,10.45619975,23.92115699,7.46511401,9.28381963,23.01307348,22.25338399,24.72976105,13.84629638,13.19533382,79.88808137,62.83746123,77.44221184,117.14479386,33.99148498,64.83891652,34.63181134,89.94243627,21.44984009,28.61487123,93.34858014,100.93233606,130.91409122,45.82855334,46.67472357
2022-01-01,1129.03,1337.14,1125.57,992.19,509.29,1052.69,775.09,1143.6,356.92,519.97,1333.07,1247.19,2495.39,816.45,897.36,10.44558572,17.35577809,10.16315465,10.61697289,8.60682831,10.67317094,18.78409857,7.63294118,8.03317392,8.79854369,19.45606882,7.96686173,5.38988162,10.73811849,10.35602287,93.5325174,86.50914315,90.2875691,138.47854825,25.87804938,75.94096804,53.4315181,102.89546519,29.94502494,39.40961982,119.8842081,114.71438901,136.28797061,58.29116501,52.94779363
2022-02-01,1210.6,1422.62,1188.6,1236.85,546.8,1097.65,825.83,1194.55,367.0,564.12,1384.92,1304.76,2568.25,845.24,952.0,7.22478588,6.3927487,5.59982942,24.65858354,7.36515541,4.27096296,6.54633655,4.4552291,2.82416228,8.49087447,3.88951818,4.61597672,2.91978408,3.52624166,6.0889721,105.00575764,98.70104475,97.85927122,202.51186225,33.73116807,78.39845274,66.04604403,108.70605912,34.40761765,49.72132279,122.92833687,122.71609996,144.31834397,64.17208896,58.83609183
2022-03-01,1321.9,1551.73,1294.6,1383.45,584.4,1212.95,891.56,1277.68,384.2,580.8,1400.66,1366.74,2878.66,879.21,1010.06,9.1937882,9.07550857,8.91805485,11.8526903,6.87637162,10.5042591,7.95926522,6.95910594,4.6866485,2.9568177,1.13652774,4.75029891,12.08644018,4.01897686,6.0987395,114.96755728,110.36128245,106.55434297,228.93860859,42.33523308,92.37906423,78.68724321,112.55697887,38.82063882,55.99065345,119.68035885,118.28374299,151.11089788,67.07078385,65.35048947
2022-04-01,1423.27,1749.86,1389.75,1493.95,671.74,1381.04,949.71,1335.93,397.15,604.2,1445.39,1455.29,3069.68,902.82,1084.98,7.66850745,12.76832954,7.34976054,7.98727818,14.94524298,13.85794963,6.52227556,4.55904452,3.37064029,4.02892562,3.1934945,6.47892064,6.63572634,2.68536527,7.41738115,121.82098717,125.87873859,112.08491027,247.50296574,63.1664602,115.22924914,86.5431832,109.613544,42.08285633,60.13357716,111.66090675,115.40385725,141.71850639,67.22914776,76.23324941
2022-05-01,1548.01,1858.74,1465.68,2069.0,703.28,1491.33,1052.93,1400.7,406.57,629.44,1475.09,1540.22,3183.54,945.82,1143.89,8.76432441,6.22221206,5.46357258,38.4919174,4.695269,7.98601054,10.86858094,4.84830792,2.37189979,4.17742469,2.05480874,5.83595022,3.70918141,4.76285417,5.42959317,132.15855067,133.49245032,115.18359197,360.29945049,70.02224156,127.87879714,106.1052714,110.37217266,44.33242217,63.22381557,105.7681309,119.47021189,130.04783721,71.06219819,81.41722043
2022-06-01,1652.75,1988.27,1558.51,2266.26,752.1,1573.6,1137.58,1508.66,426.14,664.53,1529.73,1668.82,3279.12,1006.95,1193.48,6.76610616,6.96869923,6.33357895,9.53407443,6.94175862,5.51655234,8.03947081,7.70757478,4.81343926,5.57479664,3.70418076,8.34945657,3.00231817,6.46317481,4.33520706,138.30637022,142.67911632,120.46795207,369.19525476,81.47379597,131.73551285,120.71360664,121.4449272,49.59104153,69.66579008,107.98504419,130.20112009,120.98878585,77.73992551,85.51887086
2022-07-01,1738.21,2116.25,1604.4,2695.97,790.82,1646.88,1218.13,1540.29,439.24,698.15,1564.5,1715.96,3190.01,1045.22,1244.72,5.17077598,6.43675155,2.94447902,18.96119598,5.14825156,4.65683782,7.08082069,2.09656251,3.0741071,5.05921478,2.27295013,2.82475042,-2.71749738,3.80058593,4.29332708,144.60815356,149.9173339,121.71245371,441.75106503,84.29736658,136.7465463,132.51192976,123.11725936,53.06129561,75.65731539,111.37607242,132.49915317,104.47078128,83.73617874,91.02810049
2022-08-01,1780.05,2203.04,1651.61,2667.13,822.7,1698.24,1289.96,1611.53,448.78,721.77,1662.71,1792.28,3108.9,1080.3,1294.79,2.40707394,4.10112227,2.94253303,-1.06974484,4.03125869,3.11862431,5.89674337,4.62510307,2.17193334,3.3832271,6.27740492,4.44765612,-2.54262526,3.35623122,4.02259143,143.748973,153.27539031,125.43268181,348.38525293,90.00877639,141.45706852,136.72900112,132.1219716,56.10282097,80.78146525,122.7878122,138.62704372,93.65870371,88.82072256,97.47586438
2022-09-01,1865.09,2293.15,1695.34,3114.05,928.58,1757.26,1361.07,1656.27,502.73,745.6,1679.25,1848.6,3132.95,1103.61,1340.73,4.77739389,4.0902571,2.6477195,16.75658854,12.86981889,3.47536273,5.51257403,2.77624369,12.02148046,3.30160577,0.99476156,3.14236615,0.77358551,2.15773396,3.54806571,151.50219801,164.5932131,127.69077869,416.58040543,107.8429617,146.95185362,144.51530612,135.32245002,72.39806591,86.21378621,118.83470601,141.00123851,92.78624568,90.45819311,99.26431247
2022-10-01,2011.13,2373.29,1749.35,4127.77,954.57,1837.49,1437.15,1682.56,535.26,779.67,1727.3,1868.57,3143.79,1148.3,1357.42,7.83018514,3.49475612,3.18579164,32.55310608,2.79889724,4.56563058,5.58971985,1.58730159,6.47067014,4.56947425,2.86139646,1.08027697,0.34599978,4.04943775,1.24484423,157.68851304,162.05956075,122.97211176,554.55741968,109.45035656,150.02585315,148.49139794,124.43110578,80.72728501,90.80096909,113.99457363,125.64000386,83.41403935,90.50700113,97.5751048
2022-11-01,2026.08,2491.63,1784.58,3914.57,986.96,1889.9,1470.77,1695.34,548.28,818.05,1798.09,1896.11,3121.86,1180.23,1388.7,0.74336318,4.986327,2.01389087,-5.16501646,3.39315084,2.85226042,2.33935219,0.75955687,2.43246273,4.92259546,4.09830371,1.47385434,-0.69756568,2.78063224,2.30437153,136.02157427,146.43496494,107.63968073,442.96632268,114.41202668,138.58156386,148.96656792,97.73034756,78.34303744,87.0598189,98.20653013,100.66991925,64.45383286,82.24394311,93.31532936
2022-12-01,2021.19,2539.91,1825.42,3453.25,1080.11,1952.82,1573.73,1708.35,557.54,851.62,1859.22,1933.28,3151.41,1204.94,1410.16,-0.24135276,1.93768738,2.28849365,-11.78469155,9.43807246,3.32927668,7.00041475,0.76739769,1.68891807,4.10366115,3.39971859,1.96032931,0.94655109,2.09365971,1.54533016,97.71973588,122.91840371,78.65972419,284.99487157,130.33501802,105.30714804,141.17728192,60.78588235,68.75718869,78.19300301,66.60423854,67.36036566,33.09611998,63.43044705,73.41941831
2023-01-01,2105.17,2694.46,1918.94,3345.11,1103.35,2107.79,1895.1,1740.17,579.56,902.34,1910.63,1974.68,3218.34,1305.39,1536.56,4.15497801,6.08486127,5.12320452,-3.13154275,2.1516327,7.93570324,20.42091083,1.86261597,3.94949241,5.95570794,2.76513807,2.14143838,2.12381125,8.33651468,8.96352187,86.4582872,101.50919126,70.48606484,237.14409538,116.64474072,100.22893729,144.50063864,52.16596712,62.37812395,73.53693482,43.3255568,58.33032657,28.9714233,59.88609223,71.23116698
2023-02-01,2138.04,2758.75,1969.32,3118.28,1113.26,2183.59,1925.61,1757.18,587.91,932.62,1939.31,2000.64,3323.44,1333.49,1592.18,1.56139409,2.38600684,2.62540778,-6.78094293,0.89817374,3.59618368,1.60994143,0.9774907,1.44074815,3.35571957,1.50107556,1.31464339,3.26565869,2.1526134,3.61977404,76.60994548,93.92037227,65.68399798,152.11464608,103.59546452,98.93317542,133.17268687,47.09974467,60.19346049,65.32298093,40.03047107,53.33394647,29.40484766,57.76465856,67.24579832
2023-03-01,2147.44,2799.65,2009.08,2704.04,1142.39,2284.93,1979.86,1781.26,595.77,945.72,1935.97,2007.88,3426.85,1357.76,1643.93,0.43965501,1.48255551,2.01897102,-13.28424644,2.61663942,4.64098114,2.81728907,1.37037754,1.33693933,1.40464498,-0.1722262,0.3618842,3.11153504,1.82003615,3.25026065,62.45101747,80.4212073,55.18924764,95.45628682,95.48083504,88.3779216,122.06693885,39.41362469,55.06767309,62.83057851,38.21841132,46.9101658,19.04323539,54.4295447,62.75567788
2023-04-01,2164.94,2867.52,2060.19,2245.0,1161.06,2378.07,2023.43,1851.95,598.62,961.31,1944.65,2024.3,3506.86,1395.43,1674.88,0.81492382,2.4242316,2.54395046,-16.97608024,1.63429302,4.07627367,2.20066065,3.96853912,0.47837253,1.64847947,0.44835406,0.81777795,2.33479726,2.77442258,1.88268357,52.11028125,63.87139543,48.2417701,50.27276683,72.84365975,72.19414354,113.05767024,38.62627533,50.72894372,59.10460113,34.54154242,39.09942348,14.24187537,54.56347888,54.3696658
2023-05-01,2179.02,2915.21,2086.22,2079.87,1169.33,2453.34,2031.79,1865.36,611.75,982.85,1960.35,2052.96,3515.08,1424.63,1718.31,0.65036444,1.66310959,1.2634757,-7.35545657,0.71228016,3.16517176,0.41315983,0.72410162,2.1933781,2.24069239,0.80734322,1.41579805,0.23439772,2.09254495,2.59302159,40.76265657,56.8379655,42.3380274,0.52537458,66.26805824,64.50684959,92.96534432,33.17341329,50.4660944,56.1467336,32.89697578,33.29004947,10.41419301,50.62379734,50.21636696
2023-06-01,2320.72,3054.14,2214.51,2340.76,1200.98,2513.61,2070.0,2023.71,654.43,1029.86,2009.87,2185.39,3823.46,1526.03,1749.72,6.50292333,4.76569441,6.14939939,12.54357243,2.70667818,2.45665093,1.88060774,8.488978,6.97670617,4.78302895,2.52607953,6.45068584,8.7730578,7.11763756,1.82795887,40.41567085,53.60791039,42.09148482,3.2873545,59.68355272,59.73627351,81.96522442,34.13956756,53.57159619,54.97569711,31.38723827,30.95420716,16.60018542,51.54972938,46.60656232
2023-07-01,2511.75,3333.24,2419.52,2222.52,1286.19,2630.28,2159.65,2250.7,696.08,1103.84,2175.71,2411.84,4173.12,1693.95,1959.92,8.23149712,9.1384154,9.25757843,-5.05135084,7.09503905,4.6415315,4.33091787,11.21652806,6.36431704,7.18350067,8.25127993,10.36199488,9.14511987,11.00371552,12.01335071,44.50210274,57.50691081,50.80528546,-17.5613972,62.64004451,59.71291169,77.29224303,46.1218342,58.47372735,58.10928883,39.06743368,40.55339285,30.81839869,62.06635924,57.45870557
2023-08-01,2659.6,3666.28,2550.31,2448.27,1374.68,2768.55,2344.99,2321.95,729.81,1144.61,2293.66,2552.45,4231.07,1762.8,2174.14,5.88633423,9.99147976,5.40561764,10.15738891,6.88000995,5.25685478,8.58194615,3.16568179,4.84570739,3.69347007,5.42121882,5.82998872,1.38864926,4.06446471,10.93003796,49.41153338,66.41912993,54.41357221,-8.20582424,67.09371581,63.02466083,81.78780737,44.08357275,62.62088328,58.58375937,37.94708638,42.41357377,36.09540352,63.17689531,67.91448806
2023-09-01,2749.98,3885.26,2628.6,2582.07,1563.32,2904.7,2436.04,2349.28,765.9,1180.71,2381.52,2612.11,4226.72,1825.57,2252.89,3.39825538,5.97281168,3.06982288,5.46508351,13.72246632,4.91773672,3.88274577,1.17702793,4.9451227,3.15391269,3.83055902,2.33736214,-0.10281087,3.56081234,3.62212185,47.44489542,69.42895144,55.04854483,-17.0832196,68.35598441,65.29711027,78.97977327,41.84160795,52.34817894,58.3570279,41.82045556,41.30206643,34.91182432,65.41803717,68.03457818
2023-10-01,2803.29,4015.9,2689.5,2468.92,1648.73,3026.67,2512.2,2390.61,806.54,1193.0,2404.49,2680.81,4287.22,1869.2,2293.35,1.93855955,3.36245193,2.31682264,-4.38214301,5.46337282,4.1990567,3.12638545,1.75926241,5.30617574,1.04089912,0.96451006,2.63005769,1.43136995,2.38993848,1.79591547,39.38880132,69.21235921,53.74281876,-40.1875589,72.71965388,64.71763112,74.80430018,42.08170882,50.68191159,53.01345441,39.20511781,43.46853476,36.37106804,62.77976139,68.94918301
2023-11-01,2882.04,4123.48,2750.15,2740.36,1680.15,3117.35,2559.09,2464.02,832.5,1245.94,2449.63,2733.63,4376.36,1925.23,2337.6,2.80919919,2.67885157,2.255066,10.9942809,1.90570924,2.99603194,1.86649152,3.07076437,3.21868723,4.43755239,1.87732118,1.97030002,2.07920284,2.99753905,1.92949179,42.24709784,65.49327147,54.10628831,-29.99588716,70.23486261,64.94788084,73.99661402,45.34075761,51.83847669,52.30609376,36.23511615,44.17043315,40.18437726,63.12328953,68.33009289
2023-12-01,2915.02,4205.94,2805.26,2428.07,1803.43,3197.7,2559.3,2504.38,868.29,1273.23,2482.71,2766.53,4517.42,1968.58,2381.05,1.14432832,1.99976719,2.0038907,-11.39594798,7.33744011,2.57750974,0.00820604,1.63797372,4.2990991,2.19031414,1.35040802,1.20352791,3.22322661,2.25167902,1.85874401,44.22295776,65.59405648,53.67750983,-29.68739593,66.96725334,63.74781086,62.62637174,46.59642345,55.73591132,49.50682229,33.53503082,43.10032691,43.34599433,63.37576975,68.84963408
2024-01-01,3035.59,4446.68,2951.38,2274.51,1835.41,3353.38,2704.59,2596.9,918.61,1354.31,2686.08,2913.47,4760.87,2151.06,2528.8,4.13616373,5.72380966,5.20878635,-6.32436462,1.77328757,4.86849923,5.67694291,3.69432754,5.79529881,6.36805605,8.19145208,5.31134671,5.38913805,9.26962582,6.20524558,44.19690571,65.03046993,53.8026202,-32.00492659,66.34884669,59.09459671,42.71489631,49.23254625,58.50127683,50.08865838,40.58608941,47.54137379,47.92936731,64.78293843,64.57541521
2024-02-01,3149.03,4637.34,3086.11,2161.68,1850.24,3554.72,2911.61,2693.81,966.77,1411.71,2778.6,3003.77,4998.52,2212.02,2722.98,3.73700006,4.28769329,4.56498316,-4.96062888,0.80799385,6.00409139,7.65439494,3.73175709,5.24270365,4.23832062,3.44442459,3.09939694,4.9917347,2.83395163,7.6787409,47.28583188,68.09569551,56.70942254,-30.67716818,66.20016887,62.79246562,51.20455336,53.30301961,64.44183634,51.37033304,43.27776374,50.14045505,50.40199312,65.88200886,71.02212061
2024-03-01,3252.79,4792.62,3192.87,2192.49,1899.0,3712.19,3009.88,2821.73,992.86,1458.7,2871.52,3104.94,5195.92,2274.78,2820.47,3.2949829,3.34847132,3.45937118,1.42528034,2.63533379,4.42988477,3.37510862,4.74866453,2.69867704,3.32858732,3.34413014,3.36810075,3.94916895,2.8372257,3.58026868,51.47291659,71.1863983,58.92199415,-18.91798938,66.2304467,62.46405798,52.02489065,58.41202295,66.65156017,54.24227044,48.32461247,54.63772735,51.62379445,67.53918218,71.56874076
2024-04-01,3369.98,5008.85,3296.97,2352.46,1935.57,3912.08,3101.3,2886.6,1047.32,1475.6,2976.28,3163.39,5265.54,2309.67,2896.83,3.60275333,4.51172845,3.26038956,7.29627045,1.92575039,5.38469206,3.03733039,2.29894426,5.48516407,1.15856585,3.64824205,1.88248404,1.33989746,1.53377469,2.70735019,55.66158877,74.6753292,60.03232712,4.78663697,66.70714692,64.50651158,53.26944841,55.86813899,74.95573152,53.49887133,53.04964904,56.27080966,50.14970658,65.51672244,72.95746561
2024-05-01,3435.96,5126.11,3344.44,2524.55,2056.4,4009.19,3147.51,2901.73,1089.36,1486.06,3094.31,3207.81,5199.87,2356.09,2969.65,1.95787512,2.34105633,1.43980685,7.31532098,6.24260554,2.4823112,1.49002031,0.52414605,4.01405492,0.70886419,3.96568871,1.40418981,-1.24716553,2.00981093,2.51378231,57.68372938,75.84016246,60.31099309,21.38018242,75.86139071,63.41762658,54.91315539,55.55871253,78.07274213,51.19906395,57.84477262,56.25292261,47.93034582,65.38259057,72.82387928
2024-06-01,3483.25,5263.08,3383.76,2593.19,2142.86,4076.86,3287.36,2926.98,1118.35,1538.81,3117.07,3242.04,5157.5,2393.21,3050.44,1.37632568,2.67200665,1.17568263,2.7189004,4.20443493,1.68787211,4.44319478,0.87017055,2.66119556,3.54965479,0.73554363,1.06708315,-0.81482806,1.5754916,2.72052262,50.09350546,72.32608852,52.79949063,10.78410431,78.42595214,62.19142986,58.80966184,44.63435967,70.88917073,49.41933855,55.08814003,48.35063764,34.89091033,56.82588154,74.33875134
2024-07-01,3550.88,5344.43,3431.81,2784.23,2256.03,4082.28,3429.01,3010.3,1132.72,1567.06,3170.65,3285.27,5170.44,2436.29,3090.29,1.94157755,1.54567288,1.42001797,7.36698815,5.28125962,0.13294545,4.30892875,2.84662007,1.28492869,1.83583418,1.71892194,1.3334197,0.25089675,1.80009276,1.30636892,41.37075744,60.33738945,41.83846383,25.27356334,75.40410048,55.20324832,58.77619059,33.74950016,62.72842202,41.96441513,45.72944004,36.21425965,23.89866575,43.82301721,57.67429283
2024-08-01,3610.51,5478.47,3473.07,2954.04,2280.25,4109.32,3587.94,2990.97,1141.64,1601.31,3236.68,3362.82,5184.47,2525.85,3150.43,1.67930203,2.50803173,1.20228101,6.09899326,1.07356728,0.66237495,4.63486546,-0.64212869,0.78748499,2.18562148,2.08253828,2.36053658,0.27135021,3.67608125,1.94609567,35.75387276,49.4285761,36.18226804,20.65826073,65.87496727,48.42859981,53.00449042,28.81285127,56.42975569,39.90005329,41.11420176,31.74871202,22.53330718,43.28624915,44.90465195
2024-09-01,3659.84,5578.87,3516.32,3021.31,2324.66,4181.64,3694.35,3024.64,1131.51,1646.88,3278.25,3422.56,5279.37,2558.99,3195.69,1.36628897,1.83262845,1.24529595,2.27722035,1.94759347,1.75990188,2.96576866,1.12572176,-0.88732,2.84579501,1.28434074,1.77648521,1.83046676,1.31203357,1.43662929,33.08605881,43.59064773,33.77158944,17.01115771,48.70020213,43.96116639,51.65391373,28.74753116,47.73599687,39.48217598,37.65368336,31.0266413,24.9046542,40.1748495,41.84847019
2024-10-01,3707.1,5626.52,3573.02,2974.28,2360.8,4278.47,3825.37,3040.42,1165.57,1702.09,3288.81,3454.72,5402.22,2572.66,3306.18,1.29131328,0.85411562,1.61248123,-1.55660955,1.55463595,2.31559866,3.54649668,0.52171498,3.0101369,3.35239969,0.32212308,0.93964752,2.3269822,0.53419513,3.45746928,32.24104534,40.10607834,32.85071575,20.46886898,43.18900002,41.35898529,52.27171404,27.18176532,44.51484117,42.67309304,36.77786142,28.86851362,26.00752935,37.63428205,44.16377788
2024-11-01,3731.43,5691.02,3611.19,2867.87,2387.74,4351.32,3939.58,3048.64,1198.63,1744.78,3316.77,3486.37,5420.45,2592.48,3334.96,0.65630817,1.1463569,1.06828397,-3.57767258,1.1411386,1.70271148,2.98559355,0.27035738,2.83638048,2.50809299,0.85015553,0.91613792,0.33745386,0.77040884,0.87049102,29.47183245,38.01497764,31.3088377,4.65303829,42.11469214,39.58394149,53.94456623,23.72626846,43.97957958,40.03724096,35.39881533,27.5362796,23.85749801,34.65819668,42.6659822
2024-12-01,3746.52,5727.13,3647.35,2700.32,2425.2,4411.63,4125.0,3082.35,1209.67,1785.12,3301.37,3500.52,5430.01,2626.84,3354.15,0.4044026,0.6345084,1.00133197,-5.84231503,1.56884753,1.3860162,4.70659309,1.10573895,0.92105153,2.31203934,-0.46430714,0.40586627,0.17636912,1.32537184,0.5754192,28.52467565,36.16765812,30.01825143,11.21260919,34.47707979,37.96259812,61.1768843,23.0783667,39.31635744,40.20404797,32.97445131,26.53106961,20.20157524,33.43831594,40.86852439
2025-01-01,3861.33,5931.85,3765.83,2688.45,2833.61,4601.87,4263.78,3140.83,1275.09,1836.74,3431.94,3606.6,5406.99,2711.42,3629.79,3.0644438,3.57456527,3.24838581,-0.43957753,16.8402606,4.31223833,3.36436364,1.89725372,5.4080865,2.89168235,3.95502473,3.03040691,-0.42394029,3.21983828,8.21787934,27.20196074,33.39952504,27.59556546,18.19908464,54.3856686,37.230794,57.64977316,20.94535793,38.80645758,35.62182957,27.76760186,23.79053157,13.57146908,26.05041235,43.53804176
2025-02-01,3943.01,6178.79,3850.11,2679.4,2915.69,4709.25,4333.73,3207.36,1326.07,1956.25,3524.38,3668.69,5462.92,2808.87,3726.64,2.11533332,4.16295085,2.23801924,-0.33662519,2.89665833,2.33339925,1.64056307,2.11822989,3.99814915,6.50663676,2.69352028,1.72156602,1.03440177,3.59405773,2.66819844,25.21347844,33.23996084,24.75608452,23.94989083,57.58442148,32.47878877,48.84307995,19.06407653,37.16499271,38.57307804,26.84013532,22.1361822,9.29075006,26.98212494,36.85888255
2025-03-01,4017.3,6272.88,3931.68,2656.21,3000.76,4818.15,4372.97,3279.02,1346.35,2007.45,3594.36,3746.1,5566.78,2880.53,3805.58,1.88409362,1.52279006,2.11864077,-0.86549227,2.91766271,2.31247014,0.90545558,2.23423626,1.52933103,2.6172524,1.98559747,2.11001747,1.90118105,2.55120386,2.11826203,23.50320802,30.88623759,23.13936991,21.15038153,58.01790416,29.79265609,45.28718753,16.20601546,35.6032069,37.61911291,25.17273082,20.64967439,7.13752329,26.62894873,34.92715753
2025-04-01,4128.19,6490.82,4043.81,2692.35,3060.94,4971.29,4412.62,3366.53,1374.91,2051.66,3810.36,3865.15,5750.9,2997.5,3873.72,2.76031165,3.4743212,2.8519615,1.36058519,2.00549194,3.17839835,0.90670643,2.66878519,2.1212909,2.20229645,6.00941475,3.17797176,3.30747757,4.06071105,1.79052864,22.49894658,29.58703096,22.65231409,14.44827967,58.14152937,27.07536656,42.28291362,16.62613455,31.27888324,39.03903497,28.02424503,22.1837965,9.21766808,29.78044483,33.7227245
2025-05-01,4230.69,6567.29,4113.27,3025.23,3240.32,5057.72,4594.28,3420.56,1396.48,2070.51,3931.88,3912.72,5882.18,3068.3,3915.5,2.48292835,1.17812541,1.71768703,12.36392,5.86029128,1.73858294,4.11682855,1.60491664,1.56882996,0.91876822,3.18919997,1.23074137,2.28277313,2.36196831,1.07854982,23.12978032,28.11449618,22.98830297,19.83244539,57.57245672,26.15316311,45.96554101,17.8800233,28.1927003,39.32882925,27.0680701,21.97480524,13.1216742,30.22847175,31.85055478
2025-06-01,4334.94,6613.71,4188.92,3325.8,3450.93,5096.38,4711.89,3470.86,1421.55,2109.01,3979.71,3989.19,5986.06,3133.65,3987.91,2.46413706,0.70683646,1.83916932,9.93544293,6.4996667,0.76437604,2.55992234,1.47051945,1.795228,1.85944526,1.21646642,1.9543949,1.76601192,2.12984389,1.84931682,24.45101557,25.6623498,23.79483178,28.25130438,61.04318528,25.00748125,43.33355641,18.58160971,27.11136943,37.05460713,27.67470734,23.04567495,16.06514784,30.93919882,30.7322878
2025-07-01,4409.73,6856.73,4256.02,3399.41,3513.59,5107.42,4779.04,3529.01,1466.45,2130.73,3968.28,4095.82,6034.24,3218.0,4084.11,1.72528339,3.6744883,1.60184487,2.21330206,1.81574242,0.21662435,1.42511816,1.67537728,3.15852415,1.02986709,-0.28720686,2.67297371,0.80486998,2.69174924,2.41229115,24.18696211,28.29675007,24.01677249,22.09515737,55.74216655,25.11194725,39.37083881,17.23117297,29.46270923,35.96990543,25.15667134,24.67224916,16.70650854,32.08608171,32.15944135
2025-08-01,4518.89,6991.57,4331.95,3742.28,3542.41,5287.03,4842.35,3593.71,1518.21,2137.38,3968.1,4159.08,6100.24,3259.16,4083.46,2.475435,1.96653507,1.78406117,10.08616201,0.82024368,3.51664833,1.32474304,1.83337537,3.52961233,0.31209961,-0.00453597,1.54450147,1.09375829,1.27905531,-0.01591534,25.15932652,27.61902502,24.72970599,26.68345723,55.35182546,28.65948624,34.9618444,20.15199083,32.98500403,33.47696573,22.59784718,23.67834139,17.6637149,29.03220698,29.61595719
2025-09-01,4632.89,7181.82,4452.72,3740.56,3603.95,5645.12,4869.85,3622.57,1534.74,2179.62,3999.35,4222.48,6187.73,3319.76,4135.08,2.52274342,2.72113417,2.78788998,-0.04596129,1.73723538,6.77298975,0.56790608,0.80306981,1.08878218,1.9762513,0.78753056,1.52437558,1.43420587,1.85937481,1.26412405,26.58722786,28.7325211,26.6301133,23.80589877,55.03127339,34.99775208,31.81885853,19.76863362,35.63645041,32.34844069,21.99649203,23.37197887,17.20584085,29.72930727,29.3955296
2025-10-01,4708.2,7415.13,4534.37,3697.22,3688.93,5807.25,4881.21,3632.74,1589.62,2190.52,4006.84,4262.73,6350.02,3368.81,4207.18,1.62555122,3.24861943,1.83371063,-1.15865004,2.35796834,2.87203815,0.23327207,0.28073992,3.57584998,0.50008717,0.18728043,0.95323128,2.62277119,1.47751645,1.74361802,27.00493647,31.78892104,26.90581077,24.30638676,56.25762453,35.73193221,27.60099023,19.481519,36.38134132,28.6958974,21.83251693,23.38858142,17.54463906,30.94656892,27.25199475
2025-11-01,4747.63,7546.41,4587.54,3582.64,3763.57,5818.93,4911.75,3657.78,1627.05,2199.53,4077.13,4289.72,6453.42,3419.55,4260.38,0.83747504,1.77043423,1.1725995,-3.09908526,2.02335094,0.2011279,0.62566454,0.68928687,2.3546508,0.41131786,1.75425023,0.63316232,1.62834133,1.50616983,1.26450497,27.23352709,32.6020643,27.03679397,24.92337519,57.62059521,33.72792624,24.67699602,19.98071271,35.74247266,26.06345786,22.9247129,23.04259158,19.05690487,31.90265692,27.74905846
2025-12-01,4783.04,7669.79,4635.93,3475.11,3811.18,5857.67,4865.28,3701.5,1616.41,2205.26,4150.43,4375.49,6568.1,3475.04,4286.67,0.74584582,1.6349496,1.05481369,-3.00141795,1.26502231,0.66575814,-0.94609864,1.19526051,-0.65394425,0.2605102,1.79783328,1.9994312,1.77704225,1.62272814,0.61708111,27.66620757,33.92030563,27.10406185,28.69252533,57.14910111,32.77790749,17.94618182,20.08694665,33.62404623,23.53567267,25.71841387,24.99542925,20.95926159,32.28974738,27.80197666
2026-01-01,4910.53,7887.76,4786.2,3385.95,3888.08,6105.78,5200.95,3772.99,1643.84,2258.8,4317.7,4531.93,6710.15,3624.85,4455.17,2.66545962,2.84192918,3.24142082,-2.56567418,2.01774778,4.23564318,6.89929459,1.93137917,1.69697045,2.42783164,4.03018482,3.57537099,2.1627259,4.31102951,3.9307901,27.17198478,32.97301854,27.09548758,25.94431736,37.2129545,32.68041035,21.97979258,20.12716384,28.91952725,22.97875584,25.80930902,25.65657406,24.10139468,33.68825191,22.73905653
2026-02-01,5029.76,8148.62,4927.28,3283.16,4030.14,6326.31,5571.03,3840.13,1687.25,2293.91,4432.8,4599.73,6805.63,3708.22,4695.78,2.42804748,3.3071493,2.94764113,-3.03578021,3.6537314,3.61182355,7.11562311,1.77949054,2.64076796,1.55436515,2.66577113,1.49605135,1.42291901,2.29995724,5.40069178,27.5614315,31.88051382,27.9776422,22.533403,38.22251337,34.3379519,28.55046346,19.72868652,27.23687286,17.26057508,25.77531367,25.37799596,24.57861364,32.01821373,26.0057317
