Tarih,Hisse,DIBS,Ozel_Sektor,Eurobond,Toplam,Kumulatif,Hisse_8H,DIBS_8H,Ozel_Sektor_8H,Eurobond_8H,Toplam_8H,Ceyrek
2020-09-04,0.0,0.0,0.0,0.0,0.0,0.0,,,,,,2020Q3
2020-09-11,-30.24,-10.58,7.26,1.38,-32.18,-32.18,,,,,,2020Q3
2020-09-18,2.57,-90.42,-1.28,-109.39,-198.52,-230.70000000000002,,,,,,2020Q3
2020-09-25,-101.89,1.7,-2.01,-140.22,-242.42000000000002,-473.12,,,,,,2020Q3
2020-10-02,131.22,419.55,2.55,-75.1,478.2199999999999,5.099999999999909,,,,,,2020Q4
2020-10-09,-91.33,-174.52,-12.44,-13.94,-292.23,-287.1300000000001,,,,,,2020Q4
2020-10-16,-28.37,-38.03,1.03,2028.62,1963.25,1676.12,,,,,,2020Q4
2020-10-23,-10.82,20.9,-2.97,-118.57,-111.46,1564.6599999999999,-16.1075,16.075,-0.9825,196.5975,195.58249999999998,2020Q4
2020-10-30,-116.63,-32.74,-1.9,620.74,469.47,2034.1299999999999,-30.68625,11.982499999999998,-1.22,274.19,254.26624999999999,2020Q4
2020-11-06,-21.99,-17.34,-0.85,-122.71,-162.89,1871.2399999999998,-29.654999999999998,11.137499999999998,-2.23375,258.67875,237.9275,2020Q4
2020-11-13,614.4,211.09,1.9,-52.01,775.38,2646.62,46.82375,48.82625,-1.83625,265.85125000000005,359.66499999999996,2020Q4
2020-11-20,389.64,201.76,3.57,64.48,659.45,3306.0699999999997,108.265,73.83375,-1.13875,291.43875,472.39875,2020Q4
2020-11-27,231.71,194.51,-2.33,186.68,610.57,3916.64,120.82625,45.70375,-1.74875,324.16125,488.94250000000005,2020Q4
2020-12-04,-23.27,133.48,-3.46,2025.55,2132.3,6048.9400000000005,129.33375,84.20374999999999,-0.6262500000000001,579.0975,792.0087500000001,2020Q4
2020-12-11,40.97,103.79,-4.28,837.55,978.03,7026.97,138.00125,101.93124999999999,-1.29,430.21375,668.85625,2020Q4
2020-12-18,244.04,44.88,-7.4,-9.99,271.53000000000003,7298.5,169.85875000000001,104.92875,-1.84375,443.78625000000005,716.7300000000001,2020Q4
2020-12-25,-18.79,159.25,1.22,-466.97,-325.29,6973.21,182.08875,128.9275,-1.45375,307.8225,617.385,2020Q4
2021-01-01,90.68,-85.97,-7.86,-64.95,-68.1,6905.11,196.17249999999999,120.34874999999998,-2.33,315.0425,629.2337500000001,2021Q1
2021-01-08,287.71,634.85,-4.55,426.75,1344.76,8249.869999999999,155.33625,173.31875,-3.13625,374.8875,700.4062500000001,2021Q1
2021-01-15,31.41,-2.57,4.02,268.5,301.36,8551.23,110.55749999999999,147.7775,-3.08,400.39,655.6450000000001,2021Q1
2021-01-22,-117.71,28.59,25.58,333.59,270.04999999999995,8821.279999999999,66.88,127.0375,0.4087499999999995,418.75374999999997,613.08,2021Q1
2021-01-29,-493.75,413.98,-12.61,3164.98,3072.6,11893.88,8.069999999999986,162.1,-0.7350000000000003,561.1825,730.6175000000001,2021Q1
2021-02-05,-183.22,169.96,25.9,759.15,771.79,12665.669999999998,-19.953750000000007,170.37125,3.0374999999999996,551.3824999999999,704.8375000000001,2021Q1
2021-02-12,-62.34,83.51,5.22,-229.02,-202.63,12463.039999999999,-58.25125000000001,175.20000000000002,4.614999999999999,524.0037499999999,645.5675,2021Q1
2021-02-19,-122.76,169.58,4.28,10.57,61.67000000000001,12524.71,-71.24750000000002,176.49124999999998,4.9975,583.69625,693.9375,2021Q1
2021-02-26,-117.61,106.79,-12.22,-156.85,-179.89,12344.82,-97.28375,200.58624999999998,4.4525,572.2087499999999,679.96375,2021Q1
2021-03-05,-10.13,-47.73,4.72,-155.81,-208.95,12135.869999999999,-134.51375000000002,115.26375,5.61125,499.3887499999999,485.75,2021Q1
2021-03-12,-117.62,-146.76,18.23,-673.4,-919.55,11216.32,-153.1425,97.24000000000001,7.387499999999999,381.65124999999995,333.13625,2021Q1
2021-03-19,60.38,460.35,0.21,-1632.96,-1112.02,10104.3,-130.88125000000002,151.21,4.21625,135.83249999999992,160.3775,2021Q1
2021-03-26,-813.92,-1191.07,1.88,-371.92,-2375.0299999999997,7729.2699999999995,-170.9025,-49.421249999999986,6.0275,-306.2800000000001,-520.57625,2021Q1
2021-04-02,-364.45,-132.53,3.72,-998.64,-1491.9,6237.369999999999,-193.55625,-87.23249999999999,3.255,-526.0037500000001,-803.5374999999999,2021Q2
2021-04-09,-46.01,86.79,2.92,-280.87,-237.17,6000.199999999999,-191.51500000000001,-86.82249999999999,2.9675000000000002,-532.4850000000001,-807.8549999999999,2021Q2
2021-04-16,-0.05,5.48,14.98,-534.1,-513.69,5486.509999999998,-176.17624999999998,-107.33499999999998,4.305,-600.56875,-879.775,2021Q2
2021-04-23,104.48,-18.23,-18.54,-336.03,-268.31999999999994,5218.189999999999,-148.415,-122.96249999999999,3.515,-622.9662500000002,-890.8287499999999,2021Q2
2021-04-30,31.53,43.4,3.34,-899.4,-821.13,4397.059999999999,-143.20749999999998,-111.57124999999999,3.3425000000000002,-715.9150000000001,-967.3512499999999,2021Q2
2021-05-07,87.68,13.01,4.79,-263.46,-157.97999999999996,4239.079999999999,-117.54499999999999,-91.6,1.6625,-664.6725000000001,-872.155,2021Q2
2021-05-14,51.7,-17.79,1.47,-34.48,0.9000000000000057,4239.979999999999,-118.63,-151.3675,1.82,-464.86250000000007,-733.04,2021Q2
2021-05-21,51.02,184.43,22.74,156.07,414.26,4654.239999999999,-10.512499999999996,20.570000000000014,4.4275,-398.86375000000004,-384.37874999999997,2021Q2
2021-05-28,6.85,-100.89,-24.76,253.42,134.61999999999998,4788.859999999999,35.9,24.52500000000002,0.8674999999999997,-242.35625000000005,-181.06375,2021Q2
2021-06-04,-93.79,-56.7,-23.82,-70.22,-244.53,4544.329999999999,29.927500000000002,6.588750000000013,-2.4750000000000005,-216.02500000000006,-181.98375,2021Q2
2021-06-11,33.54,124.62,16.0,-919.16,-745.0,3799.329999999999,34.12625,21.481250000000014,-2.3475,-264.1575,-210.89749999999998,2021Q2
2021-06-18,-3.19,123.97,8.87,32.42,162.07,3961.399999999999,20.6675,39.25625000000001,1.0787499999999992,-218.10125000000005,-157.09875,2021Q2
2021-06-25,-2.81,155.23,-21.64,1703.09,1833.87,5795.269999999999,16.375,53.235000000000014,-2.043750000000001,107.20999999999994,174.77625,2021Q2
2021-07-02,-37.9,88.81,-2.11,662.78,711.5799999999999,6506.8499999999985,0.6775000000000002,62.710000000000015,-2.906250000000001,222.98999999999992,283.47125,2021Q3
2021-07-09,54.2,6.98,-4.85,909.09,965.4200000000001,7472.269999999999,0.9900000000000002,65.80625000000002,-3.696250000000001,340.9362499999999,404.03625,2021Q3
2021-07-16,-61.99,60.96,6.43,-322.26,-316.86,7155.409999999999,-13.13625,50.37250000000001,-5.735,281.1449999999999,312.64624999999995,2021Q3
2021-07-23,0.0,2.99,0.0,2.74,5.73,7161.1399999999985,-13.9925,63.357500000000016,-2.6400000000000006,249.80999999999992,296.53499999999997,2021Q3
2021-07-30,-51.81,309.55,-10.44,-393.94,-146.64,7014.499999999998,-8.745,109.13875000000002,-0.9675000000000007,209.34499999999994,308.77125,2021Q3
2021-08-06,168.0,107.89,-2.42,460.82,734.29,7748.789999999998,8.0625,107.04750000000001,-3.2700000000000005,381.8425,493.6825,2021Q3
2021-08-13,77.87,-45.21,1.49,-277.44,-243.29,7505.499999999998,18.195,85.90000000000002,-4.192500000000001,343.10999999999996,443.0125,2021Q3
2021-08-20,226.15,211.15,1.19,-154.21,284.28,7789.779999999998,46.815000000000005,92.89000000000001,-1.3387500000000003,110.94749999999995,249.31375000000003,2021Q3
2021-08-27,43.14,60.43,11.33,-207.18,-92.28000000000002,7697.499999999998,56.945,89.34250000000003,0.3412499999999996,2.2024999999999473,148.83125000000004,2021Q3
2021-09-03,98.81,41.79,3.47,-115.12,28.94999999999999,7726.449999999998,62.52125,93.69375000000002,1.3812499999999996,-125.82375000000006,31.772500000000022,2021Q3
2021-09-10,-52.7,325.14,5.33,-202.9,74.86999999999998,7801.319999999998,63.6825,126.71625000000002,1.2437499999999997,-110.90375000000006,80.73875000000002,2021Q3
2021-09-17,65.24,-12.29,1.5,-350.71,-296.26,7505.059999999998,71.8375,124.80625000000002,1.4312499999999997,-155.08500000000006,42.99000000000002,2021Q3
2021-09-24,35.8,-415.42,8.0,1302.45,930.83,8435.889999999998,82.78875,34.185,3.7362499999999996,56.96374999999995,177.67375000000004,2021Q3
2021-10-01,-92.8,-201.07,-1.11,-235.51,-530.49,7905.399999999998,50.188750000000006,-4.434999999999988,3.8999999999999995,-30.077500000000057,19.57625000000003,2021Q4
2021-10-08,-51.63,-10.55,-14.0,-793.47,-869.6500000000001,7035.749999999998,34.001250000000006,-0.10249999999998982,1.9637499999999997,-94.58125000000007,-58.718749999999986,2021Q4
2021-10-15,69.48,-155.34,13.7,-376.15,-448.30999999999995,6587.439999999999,14.417500000000004,-45.91374999999999,3.5275,-122.32375000000006,-150.29249999999996,2021Q4
2021-10-22,-103.03,-102.99,-16.08,-540.5,-762.5999999999999,5824.839999999998,-3.8537499999999962,-66.34124999999999,0.10125000000000028,-163.98875000000007,-234.08249999999998,2021Q4
2021-10-29,24.39,-58.11,-1.9,-549.35,-584.97,5239.869999999998,-13.156249999999998,-78.82874999999999,-0.57,-218.26750000000004,-310.8225,2021Q4
2021-11-05,274.37,37.66,-1.71,-690.23,-379.91,4859.959999999998,27.727500000000006,-114.76374999999999,-1.4500000000000002,-279.1837500000001,-367.66999999999996,2021Q4
2021-11-12,479.62,109.78,4.65,-1053.24,-459.19000000000005,4400.769999999999,79.525,-99.505,-1.05625,-367.00000000000006,-388.03624999999994,2021Q4
2021-11-19,384.05,-72.2,-0.82,-564.55,-253.51999999999992,4147.249999999999,123.05625,-56.60249999999998,-2.15875,-600.3750000000001,-536.0799999999999,2021Q4
2021-11-26,-64.52,-105.36,-8.31,-484.24,-662.4300000000001,3484.819999999999,126.59125,-44.63874999999998,-3.05875,-631.4662500000001,-552.5725,2021Q4
2021-12-03,-162.12,-12.35,-7.5,-616.58,-798.5500000000001,2686.2699999999986,112.78000000000003,-44.86374999999998,-2.24625,-609.355,-543.685,2021Q4
2021-12-10,-104.23,-54.41,6.32,-377.48,-529.8,2156.4699999999984,91.06625000000001,-32.24749999999998,-3.1687499999999997,-609.5212500000001,-553.8712499999999,2021Q4
2021-12-17,-69.12,-95.28,-0.21,-150.6,-315.21000000000004,1841.2599999999984,95.30500000000002,-31.283749999999976,-1.185,-560.78375,-497.9475,2021Q4
2021-12-24,-569.78,-94.41,-2.59,-271.71,-938.49,902.7699999999984,21.033750000000012,-35.82124999999998,-1.2712499999999998,-526.07875,-542.1375,2021Q4
2021-12-31,-231.24,40.99,10.07,-435.18,-615.36,287.4099999999984,-42.16749999999998,-35.40499999999997,0.20125000000000015,-494.1975000000001,-571.5687499999999,2021Q4
2022-01-07,-142.84,-71.62,1.94,-199.87,-412.39,-124.98000000000161,-119.97499999999998,-58.07999999999998,-0.1374999999999999,-387.52625000000006,-565.71875,2022Q1
2022-01-14,-55.12,-76.28,-1.95,-361.88,-495.23,-620.2100000000016,-174.87124999999997,-58.589999999999975,-0.2787499999999999,-362.1925000000001,-595.9325,2022Q1
2022-01-21,-32.71,14.73,9.76,-126.47,-134.69,-754.9000000000017,-170.89499999999998,-43.57874999999998,1.9800000000000002,-317.47125000000005,-529.965,2022Q1
2022-01-28,-138.95,63.58,-7.77,-178.44,-261.58,-1016.4800000000016,-167.99875,-34.08749999999998,1.9462500000000005,-262.70375000000007,-462.84374999999994,2022Q1
2022-02-04,-81.93,35.53,-3.76,-471.43,-521.59,-1538.0700000000015,-165.21125,-22.844999999999978,0.6862500000000002,-274.44750000000005,-461.8175,2022Q1
2022-02-11,-24.46,1.43,6.31,-198.55,-215.27,-1753.3400000000015,-159.62875,-10.756249999999977,1.5012500000000002,-280.44125,-449.325,2022Q1
2022-02-18,37.26,-185.17,5.54,-314.65,-457.02,-2210.3600000000015,-83.74874999999999,-22.101249999999975,2.5175,-285.80875000000003,-389.14124999999996,2022Q1
2022-02-25,-87.09,-421.41,-8.86,170.94,-346.42,-2556.7800000000016,-65.72999999999999,-79.90124999999998,0.1512500000000001,-210.04375000000005,-355.52374999999995,2022Q1
2022-03-04,-309.32,-181.42,2.87,-463.96,-951.8299999999999,-3508.6100000000015,-86.53999999999999,-93.62624999999998,0.2675000000000001,-243.05500000000004,-422.95374999999996,2022Q1
2022-03-11,-289.43,-120.95,0.17,-583.76,-993.97,-4502.580000000002,-115.82874999999999,-99.20999999999998,0.5325000000000001,-270.7900000000001,-485.29625,2022Q1
2022-03-18,-197.1,-15.89,-3.14,-1362.06,-1578.19,-6080.770000000002,-136.3775,-103.0375,-1.0799999999999998,-425.23875000000004,-665.73375,2022Q1
2022-03-25,18.79,-104.81,1.78,320.33,236.08999999999997,-5844.680000000002,-116.65999999999998,-124.08624999999998,0.11375000000000005,-362.89250000000004,-603.525,2022Q1
2022-04-01,10.15,103.75,-3.56,-622.17,-511.8299999999999,-6356.510000000002,-105.14999999999999,-115.55874999999997,0.13874999999999998,-381.735,-602.305,2022Q2
2022-04-08,245.16,-38.74,-4.4,-313.2,-111.18,-6467.690000000002,-71.44749999999999,-120.57999999999998,-1.2,-396.06625,-589.29375,2022Q2
2022-04-15,26.87,36.76,0.15,-75.07,-11.29,-6478.980000000002,-72.74624999999999,-92.83874999999999,-1.87375,-366.11875,-533.5775,2022Q2
2022-04-22,-52.75,-22.17,-0.37,-575.58,-650.87,-7129.850000000002,-68.45374999999999,-42.933749999999975,-0.8125000000000001,-459.43375000000003,-571.63375,2022Q2
2022-04-29,-110.02,-23.93,1.2,-302.58,-435.33,-7565.180000000002,-43.541249999999984,-23.24749999999998,-1.0212500000000002,-439.26125,-507.07125,2022Q2
2022-05-06,-244.16,-75.79,-4.29,-508.63,-832.87,-8398.050000000003,-37.882499999999986,-17.602499999999978,-1.57875,-429.87000000000006,-486.93375,2022Q2
2022-05-13,-766.87,-298.11,-2.15,-277.04,-1344.17,-9742.220000000003,-109.10374999999999,-52.87999999999998,-1.455,-294.24250000000006,-457.68125,2022Q2
2022-05-20,-603.25,-67.32,-1.9,-1291.62,-1964.0899999999997,-11706.310000000003,-186.85875,-48.19374999999998,-1.915,-495.73625000000004,-732.7037499999999,2022Q2
2022-05-27,-40.86,-54.99,7.75,-554.79,-642.89,-12349.200000000003,-193.23499999999999,-68.03624999999998,-0.5012500000000001,-487.31375,-749.08625,2022Q2
2022-06-03,130.13,-1.63,-5.18,-238.91,-115.59,-12464.790000000003,-207.61374999999998,-63.39749999999998,-0.59875,-478.02750000000003,-749.6374999999999,2022Q2
2022-06-10,-316.07,-85.02,7.24,-226.73,-620.5799999999999,-13085.370000000003,-250.48125,-78.61999999999998,0.2875,-496.98500000000007,-825.7987499999999,2022Q2
2022-06-17,-192.82,-144.66,-3.49,-244.3,-585.27,-13670.640000000003,-267.99,-93.93124999999998,-0.10250000000000004,-455.57500000000005,-817.5987499999999,2022Q2
2022-06-24,-98.41,-57.7,6.05,-221.85,-371.90999999999997,-14042.550000000003,-266.53875,-98.15249999999997,0.5037499999999999,-445.48375000000004,-809.67125,2022Q2
2022-07-01,-59.74,22.1,2.45,-337.02,-372.21,-14414.760000000002,-243.48624999999998,-85.91624999999998,1.3462500000000002,-424.0325,-752.08875,2022Q3
2022-07-08,-62.2,-54.46,-1.7,-261.96,-380.32,-14795.080000000002,-155.4025,-55.45999999999998,1.4025,-422.14750000000004,-631.6075,2022Q3
2022-07-15,-37.42,-41.94,1.79,-54.01,-131.57999999999998,-14926.660000000002,-84.67375,-52.28749999999998,1.86375,-267.44625,-402.54374999999993,2022Q3
2022-07-22,-76.55,-4.17,-7.53,-164.47,-252.72,-15179.380000000001,-89.13499999999999,-45.93499999999998,-0.04625000000000001,-218.65625000000006,-353.7724999999999,2022Q3
2022-07-29,-26.9,-21.11,-9.39,-1.32,-58.72,-15238.1,-108.76375,-48.369999999999976,-0.5725000000000001,-188.95750000000004,-346.66375,2022Q3
2022-08-05,88.02,6.81,0.25,129.7,224.77999999999997,-15013.32,-58.25249999999999,-36.891249999999985,-1.44625,-144.40375000000003,-240.99374999999992,2022Q3
2022-08-12,270.04,2.52,5.44,-105.39,172.61,-14840.71,-0.394999999999996,-18.493749999999977,-0.3300000000000002,-127.04000000000003,-146.25874999999996,2022Q3
2022-08-19,366.2,-9.54,2.73,-190.26,169.13,-14671.58,57.681250000000006,-12.473749999999978,-0.7450000000000001,-123.09125000000006,-78.62874999999997,2022Q3
2022-08-26,-32.0,-5.86,-1.81,-93.9,-133.57,-14805.15,61.14875,-15.968749999999977,-1.2775,-92.70125000000006,-48.79874999999997,2022Q3
2022-09-02,97.95,-63.47,-9.41,-117.01,-91.94,-14897.09,81.1675,-17.094999999999978,-2.24125,-74.58250000000005,-12.75124999999997,2022Q3
2022-09-09,-13.48,-24.78,0.62,-258.97,-296.61,-15193.7,84.16,-14.949999999999978,-2.3875,-100.20250000000007,-33.379999999999974,2022Q3
2022-09-16,-33.85,-48.69,14.03,-503.85,-572.36,-15766.060000000001,89.4975,-20.51499999999998,0.3074999999999999,-142.62500000000006,-73.33499999999998,2022Q3
2022-09-23,-204.16,18.29,-0.15,-319.48,-505.5,-16271.560000000001,67.34,-15.589999999999977,1.4625,-182.39500000000007,-129.18249999999998,2022Q3
2022-09-30,-300.3,4.94,-2.56,-1197.19,-1495.1100000000001,-17766.670000000002,18.799999999999997,-15.823749999999979,1.11125,-348.2562500000001,-344.16875,2022Q3
2022-10-07,-136.35,-86.81,-2.65,-194.09,-419.9,-18186.570000000003,-31.998750000000012,-26.98999999999998,0.09999999999999992,-359.3437500000001,-418.2325,2022Q4
2022-10-14,-169.23,-16.93,0.56,1238.14,1052.5400000000002,-17134.030000000002,-98.92750000000001,-27.91374999999998,-0.17125000000000007,-180.79375000000005,-307.80625,2022Q4
2022-10-21,-62.6,-11.59,7.36,-172.12,-238.95,-17372.980000000003,-102.75250000000001,-28.62999999999998,0.975,-190.57125000000002,-320.97874999999993,2022Q4
2022-10-28,-11.65,13.8,-3.62,-1004.3,-1005.77,-18378.750000000004,-116.45250000000001,-18.97124999999998,1.69875,-301.4825,-435.2075,2022Q4
2022-11-04,38.11,-8.18,5.74,-852.38,-816.71,-19195.460000000003,-110.00375000000001,-16.89624999999998,2.33875,-375.65875000000005,-500.2199999999999,2022Q4
2022-11-11,116.31,-28.64,-8.18,-266.33,-186.83999999999997,-19382.300000000003,-91.23375,-14.38999999999998,-0.4374999999999998,-345.96875,-452.03,2022Q4
2022-11-18,56.48,-20.54,3.38,1065.58,1104.8999999999999,-18277.4,-58.65375000000001,-19.243749999999977,0.0037500000000001976,-172.83625,-250.73,2022Q4
2022-11-25,24.23,2.88,-0.06,116.91,143.96,-18133.440000000002,-18.087500000000016,-19.501249999999978,0.3162500000000002,-8.573750000000029,-45.84624999999994,2022Q4
2022-12-02,339.75,-36.27,-1.04,206.47,508.90999999999997,-17624.530000000002,41.42499999999998,-13.183749999999979,0.5175000000000002,41.496249999999975,70.25500000000005,2022Q4
2022-12-09,-321.52,-6.92,-7.26,1386.63,1050.93,-16573.600000000002,22.388749999999987,-11.932499999999978,-0.4599999999999998,60.057499999999976,70.05375000000004,2022Q4
2022-12-16,-193.89,-3.11,-3.75,40.31,-160.44,-16734.04,5.977499999999985,-10.87249999999998,-1.84875,86.61124999999998,79.86750000000004,2022Q4
2022-12-23,-321.61,-1.41,-2.98,-159.06,-485.06000000000006,-17219.100000000002,-32.76750000000001,-12.773749999999978,-1.7687499999999998,192.26624999999996,144.95625000000004,2022Q4
2022-12-30,-53.45,53.25,-3.57,-41.38,-45.150000000000006,-17264.250000000004,-44.21250000000001,-5.0949999999999775,-2.9325,293.64124999999996,241.40125000000003,2022Q4
2023-01-06,-351.87,-55.14,-2.94,-30.31,-440.26,-17704.510000000002,-102.73500000000001,-8.407499999999978,-2.2775,323.14374999999995,209.72375000000002,2023Q1
2023-01-13,67.61,80.07,8.35,-81.37,74.66,-17629.850000000002,-101.34375000000001,4.1687500000000215,-1.6562499999999998,179.77499999999998,80.94375000000004,2023Q1
2023-01-20,-334.89,2.11,-1.75,1498.49,1163.96,-16465.890000000003,-146.23375000000001,4.072500000000022,-1.8675,352.47249999999997,208.44375000000002,2023Q1
2023-01-27,22.9,-0.46,-12.78,-520.94,-511.28000000000003,-16977.170000000002,-185.84,8.548750000000021,-3.335,261.54625,80.92000000000004,2023Q1
2023-02-03,92.13,40.33,1.53,264.52,398.51,-16578.660000000003,-134.13375000000002,14.455000000000023,-2.23625,121.28249999999997,-0.6325000000000003,2023Q1
2023-02-10,130.53,3.62,-1.89,-212.1,-79.83999999999997,-16658.500000000004,-93.58125000000001,15.296250000000022,-2.0037499999999997,89.73124999999997,9.442500000000003,2023Q1
2023-02-17,9.22,-38.66,-0.28,-5.78,-35.5,-16694.000000000004,-52.227500000000006,10.640000000000022,-1.6662499999999998,108.89124999999997,65.63750000000002,2023Q1
2023-02-24,-260.77,13.37,2.14,-66.69,-311.95,-17005.950000000004,-78.14250000000001,5.655000000000022,-0.9524999999999997,105.72749999999996,32.287500000000016,2023Q1
2023-03-03,136.89,69.1,-3.06,-117.72,85.20999999999998,-16920.740000000005,-17.047500000000007,21.18500000000002,-0.9674999999999998,94.80124999999998,97.97125000000003,2023Q1
2023-03-10,-53.52,-56.21,-0.54,-219.65,-329.92,-17250.660000000003,-32.188750000000006,4.150000000000021,-2.0787499999999994,77.51624999999996,47.39875000000001,2023Q1
2023-03-17,-210.82,-25.99,10.3,83.41,-143.1,-17393.760000000002,-16.68000000000001,0.637500000000021,-0.5724999999999996,-99.36875000000003,-115.98375,2023Q1
2023-03-24,-113.03,25.09,-3.82,-609.25,-701.01,-18094.77,-33.671250000000015,3.831250000000021,0.5475000000000003,-110.40750000000003,-139.7,2023Q1
2023-03-31,-60.92,15.14,-12.77,-73.49,-132.04,-18226.81,-52.80250000000001,0.6825000000000214,-1.2399999999999998,-152.65875000000003,-206.01874999999998,2023Q1
2023-04-07,-74.72,13.28,8.37,-1058.61,-1111.6799999999998,-19338.49,-78.45875000000001,1.8900000000000214,0.042500000000000204,-258.4725,-334.99875,2023Q2
2023-04-14,179.01,-6.03,-0.41,959.27,1131.84,-18206.65,-57.235000000000014,5.968750000000021,0.026250000000000155,-137.84125000000003,-189.08124999999998,2023Q2
2023-04-21,37.06,-24.01,-3.86,-149.93,-140.74,-18347.390000000003,-20.006250000000016,1.2962500000000214,-0.7237499999999999,-148.24625,-167.67999999999998,2023Q2
2023-04-28,-178.42,10.98,1.53,-750.27,-916.18,-19263.570000000003,-59.420000000000016,-5.968749999999977,-0.14999999999999983,-227.315,-292.85375,2023Q2
2023-05-05,-43.85,-70.8,0.0,-182.94,-297.59000000000003,-19561.160000000003,-58.211250000000014,-7.7924999999999764,-0.08249999999999982,-222.72625000000002,-288.8125,2023Q2
2023-05-12,-135.12,-35.59,1.13,-179.72,-349.3,-19910.460000000003,-48.748750000000015,-8.992499999999977,-1.2287499999999998,-255.6175,-314.5875,2023Q2
2023-05-19,-27.57,-4.21,-3.08,-182.95,-217.81,-20128.270000000004,-38.06625000000002,-12.654999999999976,-1.13625,-202.32999999999998,-254.18749999999994,2023Q2
2023-05-26,-378.54,1.63,8.17,-382.12,-750.86,-20879.130000000005,-77.76875000000001,-14.343749999999977,1.4812500000000002,-240.90875000000003,-331.53999999999996,2023Q2
2023-06-02,-51.92,14.98,-0.34,-318.56,-355.84000000000003,-21234.970000000005,-74.91875000000002,-14.131249999999975,0.3925000000000003,-148.40250000000003,-237.06,2023Q2
2023-06-09,261.8,25.24,-1.6,276.22,561.6600000000001,-20673.310000000005,-64.57000000000002,-10.222499999999977,0.24375000000000027,-233.78375000000003,-308.3324999999999,2023Q2
2023-06-16,313.39,-16.22,4.3,22.72,324.18999999999994,-20349.120000000006,-30.02875000000001,-9.248749999999976,1.2637500000000004,-212.20250000000001,-250.21624999999997,2023Q2
2023-06-23,398.43,14.21,4.97,213.63,631.24,-19717.880000000005,42.077499999999986,-8.844999999999978,1.69375,-91.71500000000003,-56.788749999999965,2023Q2
2023-06-30,123.56,27.02,-0.46,14.79,164.91,-19552.970000000005,63.00374999999998,3.382500000000023,1.63625,-66.99875000000002,1.0237500000000246,2023Q2
2023-07-07,231.44,57.02,4.68,56.23,349.37,-19203.600000000006,108.82374999999999,14.958750000000023,2.08,-37.50500000000003,88.35750000000003,2023Q3
2023-07-14,152.53,-26.51,-8.23,152.62,270.40999999999997,-18933.190000000006,131.33624999999998,12.171250000000024,1.4362499999999998,4.441249999999972,149.38500000000002,2023Q3
2023-07-21,128.37,-6.76,4.13,-71.87,53.86999999999999,-18879.320000000007,194.7,11.122500000000024,0.93125,43.22249999999997,249.97625,2023Q3
2023-07-28,178.9,-8.68,0.48,550.95,721.6500000000001,-18157.670000000006,223.55249999999998,8.165000000000024,1.03375,151.91124999999997,384.6625,2023Q3
2023-08-04,139.74,19.94,-5.16,819.72,974.24,-17183.430000000004,208.295,7.502500000000024,0.5887499999999999,219.84874999999997,436.23500000000007,2023Q3
2023-08-11,-101.03,8.76,1.28,-184.92,-275.90999999999997,-17459.340000000004,156.49249999999998,10.625000000000025,0.21125000000000002,193.89374999999995,361.2225000000001,2023Q3
2023-08-18,-75.62,1.51,1.74,-54.45,-126.82000000000001,-17586.160000000003,97.23625,9.037500000000023,-0.19249999999999992,160.38375,266.46500000000003,2023Q3
2023-08-25,-341.07,-20.25,-0.15,23.36,-338.10999999999996,-17924.270000000004,39.157499999999985,3.1287500000000237,-0.15374999999999991,161.45499999999998,203.58750000000003,2023Q3
2023-09-01,253.86,374.98,-7.21,-173.0,448.63,-17475.640000000003,41.95999999999999,42.87375000000003,-1.64,132.80124999999998,215.99500000000006,2023Q3
2023-09-08,-0.74,-28.12,-0.27,-22.74,-51.87,-17527.510000000002,22.801249999999985,42.67250000000003,-0.6449999999999998,110.88124999999997,175.71000000000006,2023Q3
2023-09-15,-200.76,7.4,0.39,743.95,550.98,-16976.530000000002,-18.340000000000014,44.442500000000024,-1.1125,212.85875,237.84875000000005,2023Q3
2023-09-22,74.39,91.77,4.55,167.92,338.63,-16637.9,-31.403750000000016,56.99875000000003,-0.6037499999999998,164.98,189.97125000000005,2023Q3
2023-09-29,-98.28,18.23,0.26,76.38,-3.4099999999999966,-16641.31,-61.156250000000014,56.785000000000025,0.07375000000000023,72.06249999999997,67.76500000000004,2023Q3
2023-10-06,-237.75,-36.32,4.11,-175.25,-445.21,-17086.52,-78.24625000000002,51.15000000000003,0.42750000000000027,73.27124999999997,46.602500000000035,2023Q4
2023-10-13,21.92,-1.13,1.65,103.54,125.98,-16960.54,-66.05375000000002,50.82000000000003,0.41625000000000023,93.01999999999998,78.20250000000003,2023Q4
2023-10-20,-107.15,8.46,-0.73,-730.12,-829.54,-17790.08,-36.81375000000001,54.40875000000003,0.3437500000000002,-1.1650000000000205,16.773750000000035,2023Q4
2023-10-27,-67.94,-10.41,-2.41,-356.36,-437.12,-18227.2,-77.03875000000001,6.235000000000028,0.9437500000000001,-24.085000000000022,-93.94499999999996,2023Q4
2023-11-03,85.67,27.22,-1.82,402.65,513.72,-17713.48,-66.23750000000001,13.152500000000028,0.7500000000000002,29.088749999999976,-23.24624999999996,2023Q4
2023-11-10,7.27,130.99,4.22,506.75,649.23,-17064.25,-40.233750000000015,28.60125000000003,1.2287500000000002,-0.5612500000000296,-10.96499999999996,2023Q4
2023-11-17,119.47,4.89,-0.72,2402.14,2525.7799999999997,-14538.470000000001,-34.59875000000001,17.74125000000003,0.5700000000000002,278.71624999999995,262.42875000000004,2023Q4
2023-11-24,214.76,96.82,-3.19,-39.72,268.66999999999996,-14269.800000000001,4.531249999999986,27.565000000000026,0.13875000000000015,264.20374999999996,296.43875,2023Q4
2023-12-01,376.43,152.22,0.08,459.59,988.3199999999999,-13281.480000000001,81.30374999999998,51.13250000000003,-0.3649999999999999,343.5587499999999,475.63,2023Q4
2023-12-08,562.36,891.43,2.29,1116.47,2572.55,-10708.93,148.85875,162.70250000000001,-0.2849999999999998,470.17499999999995,781.4512500000001,2023Q4
2023-12-15,395.95,188.5,2.76,189.34,776.5500000000001,-9932.380000000001,211.74624999999997,185.20750000000004,0.1512500000000001,585.1075,982.2125,2023Q4
2023-12-22,139.86,33.92,1.03,365.43,540.24,-9392.140000000001,237.72125,190.74875000000003,0.5812500000000002,675.33125,1104.3825,2023Q4
2023-12-29,39.86,5.09,-4.78,-379.24,-339.07,-9731.210000000001,231.99499999999998,187.98250000000004,0.21125000000000016,577.5949999999999,997.78375,2023Q4
2024-01-05,-299.68,-45.91,11.06,145.13,-189.40000000000003,-9920.61,193.62624999999997,165.87000000000003,1.0662500000000001,532.3924999999999,892.955,2024Q1
2024-01-12,157.41,424.86,19.17,66.73,668.17,-9252.44,198.36875,218.36625000000004,3.5525,240.46625,660.7537500000001,2024Q1
2024-01-19,145.63,-40.29,4.94,1065.87,1176.1499999999999,-8076.290000000001,189.72750000000002,201.22750000000002,4.56875,378.66499999999996,774.18875,2024Q1
2024-01-26,62.55,-51.15,3.72,-524.38,-509.26,-8585.550000000001,150.4925,175.80625000000003,5.023750000000001,255.66875,586.99125,2024Q1
2024-02-02,132.83,-14.47,-0.43,-573.28,-455.34999999999997,-9040.900000000001,96.80124999999998,62.568750000000044,4.683750000000001,44.45,208.50375000000005,2024Q1
2024-02-09,36.77,13.46,1.07,330.13,381.43,-8659.470000000001,51.90374999999999,40.68875000000005,4.4725,62.04875,159.11375000000004,2024Q1
2024-02-16,-22.12,60.38,-0.29,2090.48,2128.45,-6531.020000000001,31.65624999999999,43.996250000000046,4.3075,277.68,357.64,2024Q1
2024-02-23,-98.01,28.58,7.09,-324.17,-386.51,-6917.530000000002,14.42249999999999,46.93250000000005,5.791250000000001,284.56375,351.71000000000004,2024Q1
2024-03-01,-75.42,-54.43,-0.12,64.4,-65.57,-6983.100000000001,42.45499999999999,45.86750000000004,4.393750000000001,274.4725,367.18874999999997,2024Q1
2024-03-08,-292.91,-259.48,6.17,39.93,-506.29000000000013,-7489.390000000001,-13.835000000000012,-39.67499999999996,2.76875,271.1225,220.38125,2024Q1
2024-03-15,-155.94,-70.06,1.49,-255.28,-479.78999999999996,-7969.180000000001,-51.53125000000001,-43.39624999999996,2.3375,105.97875000000003,13.388749999999987,2024Q1
2024-03-22,428.85,-103.76,4.4,828.26,1157.75,-6811.430000000001,-5.743750000000006,-49.97249999999996,2.4225000000000003,275.05875000000003,221.765,2024Q1
2024-03-29,266.72,111.52,6.55,-189.1,195.69000000000003,-6615.740000000002,10.992499999999993,-34.22374999999996,3.295,323.08125,303.145,2024Q1
2024-04-05,362.93,86.36,37.53,507.98,994.8000000000001,-5620.940000000001,51.762499999999996,-25.111249999999963,7.8525,345.31250000000006,379.81625,2024Q2
2024-04-12,159.96,38.18,-2.96,-179.48,15.700000000000017,-5605.240000000002,74.5225,-27.886249999999965,7.51875,61.56750000000004,115.72250000000004,2024Q2
2024-04-19,-143.37,115.12,15.94,-231.82,-244.13,-5849.370000000002,68.85249999999999,-17.068749999999966,8.625,73.11125000000004,133.52000000000004,2024Q2
2024-04-26,-154.56,603.5,-4.02,60.76,505.68,-5343.690000000001,58.96000000000001,65.17250000000004,8.1375,72.65625000000004,204.92625000000004,2024Q2
2024-05-03,310.63,761.11,52.05,163.87,1287.6599999999999,-4056.0300000000016,134.4025,192.74625000000003,13.872499999999999,88.14875000000005,429.17,2024Q2
2024-05-10,84.68,2832.57,17.62,143.4,3078.27,-977.7600000000016,164.48000000000002,555.575,15.88875,137.98375000000004,873.9275,2024Q2
2024-05-17,-232.69,1338.99,43.22,538.46,1687.98,710.2199999999984,81.7875,735.91875,20.74125,101.75875000000005,940.20625,2024Q2
2024-05-24,-27.93,1570.33,10.7,971.89,2524.99,3235.209999999998,44.95625,918.27,21.259999999999998,246.88250000000005,1231.36875,2024Q2
2024-05-31,-528.79,94.11,20.78,240.65,-173.24999999999997,3061.959999999998,-66.50874999999999,919.2387500000001,19.16625,213.46625000000006,1085.3625,2024Q2
2024-06-07,-542.7,540.82,78.28,1074.43,1150.8300000000002,4212.789999999998,-154.34125,982.06875,29.32125,370.20500000000004,1227.25375,2024Q2
2024-06-14,-439.19,791.66,12.17,976.49,1341.13,5553.919999999998,-191.31875,1066.63625,28.849999999999998,521.2437500000001,1425.4112499999999,2024Q2
2024-06-21,-158.27,34.48,7.11,-386.51,-503.19,5050.729999999999,-191.7825,995.5087500000001,30.24125,465.33500000000004,1299.3025,2024Q2
2024-06-28,-227.77,-679.46,-4.19,485.92,-425.50000000000006,4625.229999999999,-259.0825,815.4375000000001,23.21125,505.59125000000006,1085.1575,2024Q2
2024-07-05,156.37,1417.88,25.23,-1442.62,156.86000000000013,4782.089999999998,-250.12125000000003,638.6012499999999,24.162499999999998,307.3387500000001,719.98125,2024Q3
2024-07-12,-57.74,895.44,10.27,710.58,1558.5500000000002,6340.6399999999985,-228.2525,583.1575,20.04375,328.8537500000001,703.8025,2024Q3
2024-07-19,124.2,-699.99,-10.51,699.82,113.5200000000001,6454.159999999999,-209.23625,299.36750000000006,17.392500000000002,294.84500000000014,402.3687500000001,2024Q3
2024-07-26,-128.46,1360.51,5.04,625.36,1862.4499999999998,8316.609999999999,-159.195,457.6675,15.425,342.9337500000001,656.8312500000001,2024Q3
2024-08-02,-169.21,-162.08,16.68,117.62,-196.99,8119.619999999999,-112.50875,369.805,7.725,223.3325000000001,488.3537500000001,2024Q3
2024-08-09,-323.48,17.64,3.95,-231.81,-533.7,7585.919999999999,-98.04500000000002,273.0525,6.6975,72.2950000000001,254.00000000000006,2024Q3
2024-08-16,-297.59,1404.4,-12.06,-897.01,197.74000000000024,7783.66,-115.46000000000001,444.2925,4.30125,8.482500000000101,341.61625000000004,2024Q3
2024-08-23,66.0,-1026.37,-21.34,-392.63,-1374.34,6409.32,-78.73875000000001,400.92875000000004,2.1574999999999998,-101.3362499999999,223.01125000000005,2024Q3
2024-08-30,-19.52,682.9,-20.72,-209.79,432.87,6842.19,-100.725,309.05625000000003,-3.5862499999999997,52.767500000000084,257.51250000000005,2024Q3
2024-09-06,-50.8,-863.67,-32.05,-446.31,-1392.83,5449.36,-99.85750000000002,89.16750000000002,-8.876249999999999,-91.84374999999991,-111.40999999999997,2024Q3
2024-09-13,-320.6,1646.56,-48.68,-80.9,1196.3799999999999,6645.74,-155.4575,382.48625000000004,-13.647499999999999,-189.43374999999992,23.947500000000005,2024Q3
2024-09-20,96.08,1583.3,3.34,12.71,1695.4299999999998,8341.17,-127.39,410.33500000000004,-13.86,-266.01499999999993,3.069999999999993,2024Q3
2024-09-27,206.22,-443.92,-10.59,-858.04,-1106.33,7234.84,-80.46125,375.105,-17.268749999999997,-387.9724999999999,-110.5975,2024Q3
2024-10-04,-291.08,-124.36,62.54,1444.55,1091.65,8326.49,-76.41125,357.355,-9.945,-178.42749999999992,92.57125000000002,2024Q4
2024-10-11,-125.74,200.51,2.23,-72.96,4.040000000000006,8330.53,-54.93000000000001,206.86875,-8.15875,-75.42124999999993,68.35874999999999,2024Q4
2024-10-18,-73.61,115.68,14.54,-177.6,-120.98999999999998,8209.54,-72.38125000000001,349.62499999999994,-3.6737499999999996,-48.542499999999926,225.02749999999997,2024Q4
2024-10-25,-217.78,41.89,7.41,1080.25,911.77,9121.310000000001,-97.16375000000001,269.49875000000003,-0.15749999999999975,112.71250000000008,284.89,2024Q4
2024-11-01,110.76,621.71,-3.18,-516.74,212.55000000000007,9333.86,-76.96875,455.17125,3.45125,103.90875000000008,485.5625,2024Q4
2024-11-08,-163.8,149.59,-3.15,538.32,520.96,9854.82,-57.368750000000006,268.05,9.142499999999998,181.3112500000001,401.135,2024Q4
2024-11-15,138.56,1627.33,9.74,-539.25,1236.3799999999999,11091.199999999999,-52.05875000000001,273.55375,9.9425,112.31625000000008,343.75375,2024Q4
2024-11-22,-272.27,-814.23,-9.61,-430.11,-1526.2199999999998,9564.98,-111.87,227.265,10.065,165.80750000000006,291.26750000000004,2024Q4
2024-11-29,276.85,610.22,16.41,1613.81,2517.29,12082.27,-40.87875000000001,319.0875,4.29875,186.96500000000006,469.4725,2024Q4
2024-12-06,-157.56,-102.34,32.04,175.97,-51.889999999999986,12030.380000000001,-44.85625,281.23125,8.025,218.08125000000007,462.48125000000005,2024Q4
2024-12-13,318.69,-242.99,-1.51,214.83,289.02,12319.400000000001,4.181249999999999,236.39749999999998,6.01875,267.13500000000005,513.7325,2024Q4
2024-12-20,-169.17,336.2,-24.66,-548.8,-406.42999999999995,11912.970000000001,10.257499999999997,273.18625,2.01,63.50375000000005,348.9575,2024Q4
2024-12-27,-101.03,-271.13,-27.3,229.3,-170.15999999999997,11742.810000000001,-16.216250000000002,161.58124999999998,-1.0050000000000003,156.75875000000005,301.11875,2024Q4
2025-01-03,66.41,187.51,-3.29,-250.15,0.47999999999998977,11743.29,12.559999999999997,166.32125,-1.0225000000000004,58.200000000000045,236.05875,2025Q1
2025-01-10,-211.84,460.54,81.17,199.5,529.37,12272.660000000002,-31.240000000000002,20.472500000000004,7.90625,150.54375000000005,147.68250000000003,2025Q1
2025-01-17,-67.19,1239.28,9.85,409.7,1591.6399999999999,13864.300000000001,-5.6050000000000075,277.16125,10.33875,255.52000000000007,537.415,2025Q1
2025-01-24,345.39,382.92,269.87,377.56,1375.74,15240.04,2.9624999999999915,248.74875,42.021249999999995,100.98875000000007,394.72125000000005,2025Q1
2025-01-31,89.09,-682.84,-0.34,-290.48,-884.57,14355.470000000001,33.79374999999999,176.18624999999997,37.97375,42.68250000000007,290.63625,2025Q1
2025-02-07,-49.6,-1490.88,10.17,-241.42,-1771.73,12583.740000000002,-12.242500000000007,20.19999999999996,39.433749999999996,-14.348749999999928,33.04250000000002,2025Q1
2025-02-14,108.38,1851.06,7.06,2575.18,4541.68,17125.420000000002,22.45124999999999,209.55749999999995,43.39874999999999,376.14875000000006,651.5562500000001,2025Q1
2025-02-21,73.84,179.75,9.94,-187.15,76.38000000000002,17201.800000000003,44.30999999999999,265.91749999999996,48.053749999999994,324.09250000000003,682.3737500000001,2025Q1
2025-02-28,-107.74,53.47,-0.21,-97.71,-152.19,17049.610000000004,22.541249999999998,249.16249999999994,48.43875,343.14750000000004,663.2900000000001,2025Q1
2025-03-07,216.33,-159.35,11.43,913.79,982.2,18031.810000000005,76.0625,171.67624999999992,39.72125,432.43375000000003,719.8937500000002,2025Q1
2025-03-14,480.11,1465.3,2.55,-951.15,996.8099999999998,19028.620000000006,144.475,199.92874999999995,38.808749999999996,262.3275000000001,645.5400000000001,2025Q1
2025-03-21,-443.61,-439.54,3.39,-349.76,-1229.52,17799.100000000006,45.84999999999999,97.12124999999995,5.498749999999992,171.41250000000005,319.8825000000001,2025Q1
2025-03-28,-651.88,-2388.05,-47.63,-452.7,-3540.26,14258.840000000006,-46.77125000000001,-116.03000000000006,-0.41250000000000764,151.13500000000005,-12.078749999999957,2025Q1
2025-04-04,-445.24,-2019.52,-57.29,-1244.91,-3766.96,10491.880000000005,-96.22625000000001,-182.11000000000004,-8.845000000000008,25.698750000000047,-261.48249999999996,2025Q2
2025-04-11,-293.24,-2804.51,-31.96,-1212.04,-4341.75,6150.130000000005,-146.42875,-764.0562500000001,-13.722500000000007,-447.7037499999999,-1371.91125,2025Q2
2025-04-18,269.13,-969.96,-8.36,-156.83,-866.0200000000001,5284.110000000004,-122.0175,-907.7700000000001,-16.01000000000001,-443.91374999999994,-1489.7112499999998,2025Q2
2025-04-25,92.35,476.74,-194.63,-156.06,218.40000000000003,5502.510000000004,-97.00625000000001,-854.86125,-40.31250000000001,-451.2074999999999,-1443.3875,2025Q2
2025-05-02,173.57,-1161.9,-30.83,-171.32,-1190.4800000000002,4312.030000000003,-102.35125000000002,-980.1800000000001,-45.595000000000006,-586.8462499999999,-1714.9724999999999,2025Q2
2025-05-09,101.99,933.74,-7.32,-317.93,710.48,5022.510000000004,-149.61625,-1046.625,-46.82875000000001,-507.6937499999999,-1750.76375,2025Q2
2025-05-16,245.21,1875.55,-10.88,-320.93,1788.9499999999996,6811.460000000004,-63.513750000000016,-757.23875,-48.612500000000004,-504.09,-1373.4550000000002,2025Q2
2025-05-23,13.24,148.35,191.64,-62.09,291.14,7102.600000000004,19.62625,-440.18875,-18.70375000000001,-455.26374999999996,-894.5300000000001,2025Q2
2025-05-30,93.17,-333.53,-3.26,1582.68,1339.0600000000002,8441.660000000003,86.9275,-229.44000000000005,-11.950000000000008,-101.81499999999994,-256.27750000000003,2025Q2
2025-06-06,51.29,-1637.08,10.4,76.24,-1499.1499999999999,6942.510000000004,129.99375,-83.51125000000002,-6.655000000000007,59.220000000000056,99.04749999999999,2025Q2
2025-06-13,474.87,579.6,167.77,-141.58,1080.66,8023.170000000004,155.71125,110.18374999999999,15.361249999999995,61.126250000000056,342.38250000000005,2025Q2
2025-06-20,-109.15,685.6,-2.65,-331.91,241.89000000000004,8265.060000000003,130.52375,136.29125,39.35875,39.145000000000046,345.31875,2025Q2
2025-06-27,247.66,305.11,110.48,291.09,954.3399999999999,9219.400000000003,139.785,319.6675,57.022499999999994,96.94625000000005,613.4212500000001,2025Q2
2025-07-04,234.87,2377.01,-0.35,2951.52,5563.05,14782.450000000004,156.395,500.0762500000001,57.89375,505.62750000000005,1219.9925,2025Q3
2025-07-11,178.29,-493.01,13.69,-193.64,-494.67,14287.780000000004,148.03,204.00625000000005,60.964999999999996,521.53875,934.5400000000002,2025Q3
2025-07-18,209.43,35.97,0.0,1343.05,1588.45,15876.230000000005,172.55375,189.9587500000001,37.01,697.1812500000001,1096.7037500000001,2025Q3
2025-07-25,205.18,270.96,1.42,-45.68,431.88,16308.110000000004,186.55499999999998,265.5200000000001,37.59499999999999,493.6362500000001,983.3062500000001,2025Q3
2025-08-01,135.51,8.81,61.22,-213.23,-7.689999999999998,16300.420000000004,197.08249999999998,471.2562500000001,43.9475,457.45250000000004,1169.73875,2025Q3
2025-08-08,77.9,-417.03,8.14,-570.05,-901.04,15399.380000000005,147.46125,346.67750000000007,23.99374999999999,403.89375,922.0262500000001,2025Q3
2025-08-15,125.12,1099.64,-9.66,-242.79,972.3100000000002,16371.690000000004,176.745,398.4325000000001,23.117499999999993,415.03375000000005,1013.3287500000001,2025Q3
2025-08-22,89.45,96.47,9.64,-320.68,-125.12,16246.570000000003,156.96875,372.3525000000001,10.512499999999992,338.56250000000006,878.39625,2025Q3
2025-08-29,-139.63,763.25,9.75,-169.13,464.24,16710.810000000005,110.15625,170.63250000000008,11.774999999999991,-51.518749999999955,241.04500000000013,2025Q3
2025-09-05,-523.24,-780.04,-6.98,483.47,-826.79,15884.020000000004,22.465000000000003,134.75375000000008,9.191249999999993,33.12000000000005,199.53000000000014,2025Q3
2025-09-12,-164.94,587.91,-167.78,791.61,1046.8,16930.820000000003,-24.331249999999994,203.7462500000001,-11.781250000000007,-35.80999999999996,131.82375000000016,2025Q3
2025-09-19,407.6,177.95,-0.49,1987.55,2572.6099999999997,19503.430000000004,0.9712500000000119,192.12000000000006,-12.020000000000007,218.34375000000006,399.41500000000013,2025Q3
2025-09-26,158.75,439.59,34.73,352.07,985.1399999999999,20488.570000000003,3.8762500000000095,245.9675000000001,-15.331250000000008,289.0062500000001,523.5187500000002,2025Q3
2025-10-03,-84.12,-358.49,-12.56,827.16,371.98999999999995,20860.560000000005,-16.37624999999999,253.28500000000008,-17.918750000000006,463.6575,682.6475000000002,2025Q4
2025-10-10,-109.69,307.75,-87.06,707.67,818.67,21679.230000000003,-45.72749999999999,154.29875000000004,-27.593750000000007,582.465,663.4425000000001,2025Q4
2025-10-17,-178.03,151.08,2.18,-273.04,-297.81,21381.420000000002,-79.1625,161.12500000000006,-28.526250000000008,588.42,641.85625,2025Q4
2025-10-24,-118.47,-441.83,-27.64,-312.3,-900.24,20481.18,-76.51749999999998,10.490000000000052,-33.20000000000001,570.5237500000001,471.2962500000001,2025Q4
2025-10-31,242.79,374.43,-40.16,393.62,970.6800000000001,21451.86,19.23625000000001,154.79875000000004,-37.347500000000004,559.2925,695.98,2025Q4
2025-11-07,35.67,311.49,-5.62,1804.25,2145.79,23597.65,44.31250000000001,120.24625000000006,-17.077500000000008,685.8725000000001,833.3537500000002,2025Q4
2025-11-14,-158.82,499.79,-13.28,-1776.34,-1448.6499999999999,22149.0,-26.489999999999995,160.47625000000005,-18.676250000000003,215.38625000000005,330.6962500000002,2025Q4
2025-11-21,71.87,239.08,47.31,-529.92,-171.6599999999999,21977.34,-37.349999999999994,135.41250000000005,-17.103750000000005,105.13750000000006,186.0962500000002,2025Q4
2025-11-28,-9.21,594.49,0.16,-342.15,243.28999999999996,22220.63,-27.986249999999995,254.53500000000008,-15.513750000000005,-41.02624999999995,170.0087500000002,2025Q4
2025-12-05,154.3,-23.65,108.42,-213.34,25.72999999999999,22246.36,5.012500000000006,213.11000000000007,8.921249999999995,-156.15249999999995,70.8912500000002,2025Q4
2025-12-12,26.3,339.6,-1.84,-60.1,303.96000000000004,22550.32,30.553750000000008,236.67500000000007,8.418749999999994,-129.53499999999994,146.1125000000002,2025Q4
2025-12-19,354.47,202.77,0.07,484.28,1041.5900000000001,23591.91,89.67125000000001,317.25000000000006,11.882499999999995,-29.96249999999994,388.84125000000023,2025Q4
2025-12-26,283.78,-235.96,-18.06,111.82,141.57999999999996,23733.49,94.79500000000002,240.9512500000001,14.644999999999996,-65.18749999999994,285.20375000000024,2025Q4
2026-01-02,102.27,288.52,3.16,445.85,839.8,24573.29,103.12000000000002,238.08000000000007,15.742499999999994,-234.98749999999993,121.95500000000024,2026Q1
2026-01-09,237.55,864.81,-10.79,-221.15,870.42,25443.71,152.66625,283.7075000000001,16.053749999999997,-40.58874999999995,411.83875000000023,2026Q1
2026-01-16,196.92,1097.36,11.6,2871.41,4177.29,29621.0,168.2975,390.99250000000006,11.589999999999995,384.57750000000004,955.4575000000002,2026Q1
2026-01-23,490.58,1256.08,363.55,65.97,2176.18,31797.18,230.77125,473.69125,57.013749999999995,435.59250000000003,1197.0687500000001,2026Q1
2026-01-30,455.04,721.82,555.12,305.21,2037.19,33834.37,268.36375,566.875,112.85125,500.41125,1448.5012500000003,2026Q1
2026-02-06,134.27,255.58,4.78,353.7,748.3299999999999,34582.700000000004,281.85999999999996,556.3725,113.67875,552.13625,1504.0475000000001,2026Q1
2026-02-13,322.18,1314.13,12.25,1308.65,2957.21,37539.91,277.82375,695.2925,115.20124999999999,655.1825,1743.5,2026Q1
2026-02-20,409.96,-991.44,-93.9,-1035.93,-1711.31,35828.600000000006,293.59625,600.8575000000001,105.72125,511.71375000000006,1511.88875,2026Q1
2026-02-27,65.26,-212.78,454.49,9.62,316.59000000000003,36145.19,288.97,538.195,162.1375,457.185,1446.4875000000002,2026Q1
2026-03-06,-755.55,-1725.49,58.98,-82.63,-2504.69,33640.5,164.83249999999998,214.40750000000008,170.85875,474.5,1024.59875,2026Q1
2026-03-13,-321.81,-2877.82,-38.5,-403.7,-3641.83,29998.67,99.99125000000001,-282.48999999999995,164.59625,65.11125000000004,47.20875000000024,2026Q1
2026-03-20,-137.63,-130.07,38.78,-320.91,-549.83,29448.839999999997,21.465000000000025,-455.75874999999996,124.0,16.75125000000004,-293.54249999999973,2026Q1
2026-03-27,137.12,-1369.91,-78.14,-4.4,-1315.3300000000002,28133.509999999995,-18.274999999999977,-717.2249999999999,44.84249999999999,-21.94999999999995,-712.6074999999998,2026Q1
